"Filename",FingerCode,QualityScore,"OptionalError",Quantized,Resampled,UniformImage,EmptyImageOrContrastTooLow,FingerprintImageWithMinutiae,SufficientFingerprintForeground,FDA_Bin10_0,FDA_Bin10_1,FDA_Bin10_2,FDA_Bin10_3,FDA_Bin10_4,FDA_Bin10_5,FDA_Bin10_6,FDA_Bin10_7,FDA_Bin10_8,FDA_Bin10_9,FDA_Bin10_Mean,FDA_Bin10_StdDev,FingerJetFX_MinCount_COMMinRect200x200,FingerJetFX_MinutiaeCount,FJFXPos_Mu_MinutiaeQuality_2,FJFXPos_OCL_MinutiaeQuality_80,ImgProcROIArea_Mean,LCS_Bin10_0,LCS_Bin10_1,LCS_Bin10_2,LCS_Bin10_3,LCS_Bin10_4,LCS_Bin10_5,LCS_Bin10_6,LCS_Bin10_7,LCS_Bin10_8,LCS_Bin10_9,LCS_Bin10_Mean,LCS_Bin10_StdDev,MMB,Mu,OCL_Bin10_0,OCL_Bin10_1,OCL_Bin10_2,OCL_Bin10_3,OCL_Bin10_4,OCL_Bin10_5,OCL_Bin10_6,OCL_Bin10_7,OCL_Bin10_8,OCL_Bin10_9,OCL_Bin10_Mean,OCL_Bin10_StdDev,OF_Bin10_0,OF_Bin10_1,OF_Bin10_2,OF_Bin10_3,OF_Bin10_4,OF_Bin10_5,OF_Bin10_6,OF_Bin10_7,OF_Bin10_8,OF_Bin10_9,OF_Bin10_Mean,OF_Bin10_StdDev,OrientationMap_ROIFilter_CoherenceRel,OrientationMap_ROIFilter_CoherenceSum,RVUP_Bin10_0,RVUP_Bin10_1,RVUP_Bin10_2,RVUP_Bin10_3,RVUP_Bin10_4,RVUP_Bin10_5,RVUP_Bin10_6,RVUP_Bin10_7,RVUP_Bin10_8,RVUP_Bin10_9,RVUP_Bin10_Mean,RVUP_Bin10_StdDev
"00002579_J_500_palm_05.png",0,27,NA,0,0,68.47674,172.46711,154,104881,7,9,12,10,11,4,5,4,1,18,0.48774,0.27976,118,154,0.45454,0.05194,163.53667,0,27,15,9,9,5,3,4,1,8,0.68752,0.22492,177.18279,172.46711,7,7,11,16,21,17,11,10,2,2,0.64905,0.17536,10,14,17,19,28,31,44,33,15,12,0.23151,0.24093,0.50190,222.84636,30,50,12,27,49,33,33,36,0,0,1.22356,1.04137
"00002403_J_500_palm_05.png",0,10,NA,0,0,31.75001,222.84970,136,79273,14,11,3,8,7,3,2,4,0,19,0.50470,0.30504,86,136,0.42647,0,217.32444,0,29,20,8,1,6,4,2,1,0,0.67655,0.19348,224.77813,222.84970,9,17,12,20,15,5,3,1,1,0,0.55550,0.15870,4,7,6,15,14,39,29,38,19,17,0.30839,0.30318,0.40118,133.99557,22,38,15,14,45,41,35,49,0,0,1.35764,1.01120
"00002339_N_500_palm_07.png",0,14,NA,0,0,48.72263,215.41597,135,61931,17,7,5,4,6,2,1,1,0,10,0.43254,0.27866,102,135,0.64444,0.00740,211.45466,0,24,15,5,4,3,0,1,1,0,0.55936,0.30670,219.28111,215.41597,7,16,12,11,10,6,1,3,0,0,0.54519,0.16200,6,5,7,10,11,11,19,23,21,28,0.42492,0.40487,0.39181,102.26453,41,45,20,12,53,17,16,40,0,0,1.16588,0.97672
"00002475_J_500_palm_09.png",0,4,NA,0,0,46.30990,199.65599,162,88367,13,9,11,6,5,7,2,2,0,22,0.51515,0.31087,100,162,0.54321,0,193.30902,0,40,13,7,8,2,0,5,0,2,0.61667,0.26025,201.63967,199.65599,23,14,11,12,15,6,3,0,0,0,0.48839,0.19893,5,4,4,10,17,26,24,43,48,44,0.44906,0.35103,0.38994,143.11088,41,38,14,25,51,25,25,49,0,0,1.23855,0.96756
"00002478_S_500_slap_03.png",0,29,NA,0,0,71.65700,180.68904,152,89734,5,13,11,7,9,11,6,2,1,13,0.45319,0.25069,101,152,0.28289,0.05263,173.04590,0,34,13,10,7,1,6,5,1,1,0.60496,0.28998,183.49412,180.68904,10,12,10,10,10,8,5,8,7,2,0.60569,0.21648,19,14,23,21,16,7,23,22,17,48,0.35840,0.39496,0.46586,175.16646,23,59,44,10,107,47,30,47,0,0,1.18467,0.89169
"00001610_plain_500_10.png",0,13,NA,0,0,28.43328,177.95065,182,82249,7,10,9,12,7,7,3,4,4,63,0.67759,0.32676,149,182,0.41758,0.03846,160.21805,0,50,26,16,7,3,10,4,4,6,0.63227,0.27463,179.93272,177.95065,20,20,18,9,5,10,9,16,21,2,0.61067,0.22939,26,13,14,17,23,34,44,60,54,46,0.37109,0.36438,0.47740,179.02748,34,58,17,55,78,34,31,62,0,0,1.34640,1.35191
"00002584_Q_500_palm_03.png",0,36,NA,0,0,51.16698,211.91883,233,119072,16,12,16,16,10,7,5,5,0,12,0.41005,0.22703,110,233,0.49785,0.00429,208.18526,0,40,11,10,15,6,10,4,2,1,0.61761,0.28842,215.53656,211.91883,7,11,29,20,17,20,9,3,0,0,0.60323,0.14528,15,21,24,27,35,46,27,34,31,28,0.27851,0.32065,0.42853,216.40917,34,57,37,29,99,56,35,67,0,0,1.22693,0.87473
"00001574_plain_500_05.png",0,43,NA,0,0,45.14658,149.90272,66,51953,4,5,4,5,2,6,6,5,2,15,0.54344,0.29077,62,66,0.12121,0.22727,120.65095,0,11,2,4,6,2,6,8,5,10,0.74426,0.22260,153.16420,149.90272,3,2,11,2,3,6,12,14,16,3,0.72982,0.17138,8,17,23,22,17,17,11,13,7,9,0.18944,0.26707,0.65643,150.97924,12,37,10,16,32,25,34,36,0,0,1.28454,0.85269
"00001428_plain_500_07.png",0,53,NA,0,0,38.21126,185.30047,90,112787,3,3,5,9,6,8,9,18,14,30,0.59116,0.27042,31,90,0.24444,0.30000,174.55938,0,14,4,9,4,7,11,16,10,30,0.76057,0.24158,186.10374,185.30047,4,5,7,8,8,9,10,18,31,12,0.75446,0.16972,27,21,8,10,3,6,28,30,21,34,0.36014,0.38277,0.60409,288.15153,22,35,17,43,98,46,22,20,0,0,1.09174,0.68451
"00002349_R_500_slap_07.png",0,14,NA,0,0,87.86047,162.04034,145,85919,11,9,8,4,6,3,8,1,0,15,0.48443,0.28758,93,145,0.40689,0.01379,151.80163,0,20,16,11,3,9,2,1,2,1,0.69581,0.18699,165.17736,162.04034,5,10,29,12,10,6,5,2,0,0,0.57030,0.13781,5,12,17,11,18,23,34,33,26,21,0.31773,0.34010,0.39217,142.75329,32,41,9,10,48,24,31,47,0,0,1.29070,0.91770
"00002502_Q_500_palm_05.png",0,13,NA,0,0,81.79685,140.51264,63,66522,5,9,8,4,5,5,3,3,2,12,0.48794,0.27469,59,63,0.74603,0.04761,127.70524,0,19,6,4,8,5,5,6,2,1,0.71098,0.18501,150.00809,140.51264,6,8,11,8,7,7,6,9,2,0,0.60943,0.18793,9,11,3,9,5,18,23,31,19,16,0.31374,0.26449,0.44269,130.59571,17,51,16,20,38,18,18,32,0,0,1.19893,1.00336
"00001723_plain_500_05.png",0,63,NA,0,0,36.48907,170.88574,58,74176,6,7,12,6,8,7,9,15,10,33,0.56871,0.29079,33,58,0.18965,0.46551,148.18008,0,35,7,6,5,6,11,13,10,20,0.64285,0.33184,173.89103,170.88574,6,5,6,8,4,12,14,13,32,17,0.75409,0.18805,29,27,31,30,24,27,21,17,18,18,0.21323,0.31333,0.68223,223.77387,13,31,28,44,143,68,24,26,0,0,1.25633,1.33192
"00002361_R_500_slap_03.png",0,43,NA,0,0,77.99613,177.65742,133,103297,8,13,21,7,6,4,16,10,1,7,0.39948,0.18604,87,133,0.70676,0.03759,169.59170,0,32,14,16,10,7,8,3,2,1,0.68508,0.20598,181.62412,177.65742,11,14,18,18,13,7,8,6,4,2,0.59640,0.18630,18,33,28,24,25,30,26,33,27,25,0.25620,0.31897,0.44981,190.27078,38,69,31,22,108,57,31,51,0,0,1.18701,0.93621
"00002484_Q_500_palm_05.png",0,18,NA,0,0,64.45784,182.55777,62,52063,6,8,6,3,4,4,3,0,0,7,0.44193,0.25794,55,62,0.46774,0.09677,176.60369,0,14,7,8,2,1,2,2,2,3,0.71026,0.17644,189.00242,182.55777,1,8,8,9,4,6,0,4,6,1,0.63912,0.15789,6,6,7,11,9,10,13,16,7,13,0.29652,0.32043,0.45710,100.56314,13,28,2,7,40,14,26,25,0,0,1.22755,0.76099
"00002504_S_500_slap_06.png",0,97,NA,0,0,79.60174,175.74024,91,169149,6,4,11,13,15,28,17,24,16,6,0.42934,0.14413,35,91,0.57142,0.23076,167.15108,0,15,9,10,11,14,30,19,18,14,0.78101,0.14875,176.54411,175.74024,9,12,12,15,25,21,12,20,22,3,0.68621,0.17834,50,38,28,34,30,35,47,55,45,44,0.28625,0.35022,0.52527,360.86429,15,56,30,78,132,77,61,26,0,0,1.10219,0.54772
"00001308_plain_500_08.png",0,73,NA,0,0,38.45739,180.18920,44,104485,7,6,5,14,5,10,17,18,24,15,0.49413,0.21412,14,44,0.40909,0.50000,161.90658,0,14,3,4,3,4,11,11,19,52,0.77864,0.25272,184.29815,180.18920,3,8,7,6,6,15,13,21,45,26,0.78567,0.15267,49,71,60,46,29,24,13,19,10,14,0.13446,0.24285,0.71576,322.80854,9,19,17,49,110,24,26,18,0,0,1.17990,0.86389
"00001655_plain_500_04.png",0,33,NA,0,0,40.20865,182.99884,151,119327,12,16,19,15,12,14,8,10,0,29,0.48588,0.27493,93,151,0.11258,0.03973,158.04791,0,31,15,18,12,13,19,11,8,8,0.69363,0.25275,189.26913,182.99884,14,18,10,17,25,30,21,15,4,11,0.66029,0.18852,45,31,22,30,30,27,35,27,47,49,0.32378,0.40215,0.53528,278.88453,36,77,34,36,110,62,52,64,0,0,1.22143,0.90684
"00002383_J_500_palm_05.png",0,45,NA,0,0,53.89259,196.81665,78,70421,6,4,4,10,5,8,5,7,2,8,0.45669,0.22711,37,78,0.42307,0.06410,186.31889,0,8,9,11,9,6,6,2,6,2,0.71562,0.22317,197.17930,196.81665,9,10,8,11,10,10,8,5,5,1,0.61840,0.18521,11,9,9,20,25,28,14,18,7,7,0.19687,0.23569,0.49133,144.45223,11,39,15,22,37,24,23,29,0,0,1.18359,0.72178
"00002581_Q_500_palm_10.png",0,25,NA,0,0,57.42652,202.55143,195,82516,14,10,8,7,3,4,1,2,1,13,0.45509,0.28551,150,195,0.78461,0,193.31544,0,29,7,3,4,7,4,2,5,2,0.57329,0.32922,205.54383,202.55143,3,13,24,9,4,8,9,4,0,1,0.59413,0.15230,3,6,4,3,9,19,33,40,26,27,0.38779,0.30876,0.39775,136.82701,19,52,30,7,65,37,36,55,0,0,1.25609,0.80082
"00002478_Q_500_palm_03.png",0,37,NA,0,0,76.24719,169.96441,163,96454,9,10,10,8,16,9,3,8,2,14,0.45132,0.24664,104,163,0.17177,0.05521,158.80239,0,35,18,12,2,4,3,6,3,6,0.62091,0.28803,174.25272,169.96441,14,17,9,10,4,9,5,5,13,8,0.60569,0.23996,21,15,17,14,25,18,14,29,33,31,0.32676,0.34502,0.49063,193.31084,26,53,50,19,103,65,43,62,0,0,1.27662,0.94898
"00002569_N_500_palm_08.png",0,11,NA,0,0,56.61322,200.03099,195,100470,20,18,13,16,5,2,1,2,0,15,0.41811,0.26154,99,195,0.62051,0,195.06466,0,22,26,17,9,9,4,4,1,0,0.67340,0.22682,203.36465,200.03099,14,16,13,17,21,12,3,1,0,0,0.55528,0.16959,7,13,13,13,28,33,47,38,44,48,0.39251,0.37990,0.40383,172.84311,39,86,39,21,86,32,43,88,0,0,1.32355,1.14975
"00002391_R_500_slap_06.png",0,11,NA,0,0,72.28964,191.76402,255,153582,18,24,14,13,6,10,12,8,3,26,0.46645,0.27085,95,255,0.59607,0,180.59727,0,34,18,25,13,9,14,6,9,6,0.66573,0.26935,193.43367,191.76402,11,18,23,42,31,16,6,0,0,0,0.58984,0.13728,12,18,24,26,50,76,51,58,51,49,0.31839,0.33121,0.41509,268.56922,41,74,24,27,97,52,51,66,0,0,1.29771,1.22617
"00002439_S_500_slap_10.png",0,37,NA,0,0,65.26302,200.38799,91,62536,8,6,3,6,8,7,2,4,0,7,0.43014,0.23595,74,91,0.42857,0,194.69598,0,20,5,7,9,3,0,3,1,3,0.68587,0.21180,204.11523,200.38799,4,9,13,10,9,5,5,2,0,1,0.58293,0.16219,8,12,5,10,14,18,16,13,16,14,0.29278,0.33956,0.41007,109.07947,17,31,19,11,47,29,23,33,0,0,1.22546,0.80453
"00002616_Q_500_palm_07.png",0,16,NA,0,0,68.08511,191.73215,159,74680,13,11,8,5,5,6,3,5,0,13,0.45104,0.27284,101,159,0.22641,0,180.46206,0,28,15,12,7,5,1,1,0,0,0.62081,0.26067,193.47950,191.73215,12,20,16,20,7,1,0,0,0,0,0.49194,0.14683,11,14,8,13,18,29,33,39,24,15,0.29319,0.32113,0.35815,116.75807,32,44,21,14,53,26,30,56,0,0,1.28334,0.97170
"00002560_N_500_palm_10.png",0,20,NA,0,0,75.96526,190.39545,24,53432,2,3,4,5,4,2,4,6,1,7,0.49025,0.25169,21,24,0.20833,0,182.01253,0,9,6,5,6,5,3,2,1,1,0.66983,0.26515,197.52628,190.39545,6,7,5,9,8,8,6,0,2,0,0.59086,0.19790,1,9,12,15,15,11,15,6,9,4,0.19079,0.21078,0.41614,94.46395,10,17,2,12,38,16,15,14,0,0,1.19230,0.75298
"00002302_N_500_palm_10.png",0,13,NA,0,0,70.08325,189.45600,106,68167,5,6,4,4,1,3,7,3,3,15,0.55127,0.29966,84,106,0.47169,0,182.93469,0,25,8,3,4,1,3,6,0,1,0.64100,0.24479,195.85624,189.45600,14,11,19,8,6,1,4,0,1,0,0.49791,0.17823,0,4,9,9,15,26,18,23,17,25,0.38059,0.37107,0.33387,96.82493,18,24,12,14,57,24,17,19,0,0,1.17915,0.95297
"00002303_N_500_palm_02.png",0,NA,"Error: NFIQ2 computeQualityScore returned an error code: Width is too small after trimming whitespace. WxH: 142x293, but minimum width is 197",0,0,NA,NA,NA,NA,NA,NA,NA,NA,NA,NA,NA,NA,NA,NA,NA,NA,NA,NA,NA,NA,NA,NA,NA,NA,NA,NA,NA,NA,NA,NA,NA,NA,NA,NA,NA,NA,NA,NA,NA,NA,NA,NA,NA,NA,NA,NA,NA,NA,NA,NA,NA,NA,NA,NA,NA,NA,NA,NA,NA,NA,NA,NA,NA,NA,NA,NA,NA,NA,NA,NA,NA,NA,NA
"00002358_R_500_slap_05.png",0,28,NA,0,0,86.16727,166.36941,66,77873,3,11,9,7,6,4,4,5,0,9,0.44675,0.24365,47,66,0.36363,0,156.60028,0,16,7,11,4,8,5,1,3,3,0.68242,0.24098,173.94999,166.36941,4,12,9,13,12,10,7,2,0,1,0.61786,0.14423,26,22,18,12,12,30,11,14,3,1,0.11916,0.14171,0.42572,135.80585,15,59,16,14,46,23,28,25,0,0,1.08128,0.65812
"00002391_R_500_slap_07.png",0,30,NA,0,0,51.19563,208.51588,178,90020,19,12,8,11,7,5,2,4,1,7,0.38145,0.20850,120,178,0.62359,0,202.05759,0,29,12,11,8,5,4,2,3,2,0.65236,0.24778,211.77874,208.51588,7,12,19,27,12,8,1,0,0,0,0.56329,0.12908,3,19,20,23,29,36,34,19,18,22,0.24458,0.26537,0.39316,153.33423,39,61,14,24,61,32,52,52,0,0,1.24796,0.97914
"00001449_plain_500_08.png",0,23,NA,0,0,25.02938,169.62144,163,121777,30,21,17,9,6,6,8,14,3,36,0.48889,0.29677,84,163,0.38036,0.02454,157.31028,0,52,17,15,17,15,13,10,7,4,0.60068,0.32432,170.33798,169.62144,7,9,15,28,20,17,23,17,3,11,0.68177,0.16114,39,61,52,48,53,33,36,43,38,28,0.21774,0.30423,0.51412,271.45712,56,69,19,38,118,59,54,93,0,0,1.37097,1.22891
"00002569_N_500_palm_09.png",0,9,NA,0,0,58.70824,202.12059,255,100322,26,18,9,10,3,5,0,1,0,22,0.45909,0.30330,141,255,0.40784,0,187.65600,0,40,23,12,7,3,3,4,1,1,0.59639,0.28621,204.24708,202.12059,17,24,32,18,5,7,5,0,1,0,0.50959,0.15855,5,1,10,17,19,24,32,37,65,77,0.52591,0.41310,0.37594,156.01592,46,74,32,16,86,50,49,77,0,0,1.27357,1.00563
"00002349_N_500_palm_05.png",0,21,NA,0,0,94.37471,143.30999,104,89339,11,10,9,8,10,4,2,5,0,11,0.43802,0.25003,63,104,0.43269,0,127.36143,0,15,10,14,12,6,5,3,3,2,0.72790,0.16496,148.33841,143.30999,9,6,13,15,18,10,8,3,0,2,0.61150,0.17092,24,18,13,21,22,29,23,25,12,14,0.21263,0.25703,0.41729,161.07559,20,43,16,18,53,22,26,60,0,0,1.31398,0.86569
"00002458_N_500_palm_09.png",0,19,NA,0,0,70.91069,177.24489,204,88734,11,10,10,4,9,9,8,1,1,24,0.51877,0.30309,144,204,0.41176,0.08333,164.48879,0,52,12,5,6,2,4,3,1,2,0.49286,0.34524,181.80327,177.24489,27,10,7,11,9,10,5,9,9,0,0.55241,0.24836,12,13,23,22,24,23,15,35,41,39,0.35624,0.35634,0.44598,168.58051,29,73,25,14,108,44,46,77,0,0,1.29694,0.92997
"00002440_R_500_slap_03.png",0,96,NA,0,0,67.74247,201.02855,92,134942,2,4,6,14,15,16,14,30,10,7,0.44714,0.15519,31,92,0.71739,0.07608,195.63790,0,9,8,11,14,11,12,16,18,19,0.76899,0.19965,206.90383,201.02855,11,10,10,14,18,26,23,19,5,1,0.66605,0.17976,39,50,51,40,28,22,20,20,31,37,0.24128,0.34594,0.49434,284.24714,14,50,25,55,129,60,33,19,0,0,1.06127,0.50979
"00002649_Q_500_palm_09.png",0,34,NA,0,0,82.44935,137.48191,162,121222,9,15,10,11,15,8,6,3,4,29,0.52060,0.29363,65,162,0.58642,0.12345,124.73567,0,43,15,14,11,4,6,9,2,6,0.58816,0.32464,142.85772,137.48191,20,16,8,8,4,9,3,7,12,36,0.66624,0.26430,35,23,25,10,20,14,24,36,29,49,0.34989,0.38801,0.53963,274.13364,33,96,51,20,127,54,34,64,0,0,1.13619,0.77414
"00002596_J_500_palm_07.png",0,92,NA,0,0,70.34777,174.57120,49,104371,1,4,8,9,14,8,11,20,10,5,0.44411,0.15530,21,49,0.55102,0.48979,164.72981,0,5,2,2,6,7,14,16,13,25,0.80293,0.17876,179.25844,174.57120,6,3,4,6,8,11,5,13,25,23,0.76781,0.19074,34,20,28,18,16,24,22,15,20,22,0.23765,0.33039,0.62706,274.65215,11,59,31,32,94,47,41,20,0,0,1.06478,0.48818
"00002406_R_500_slap_09.png",0,15,NA,0,0,70.60253,165.78314,175,93505,23,12,5,8,5,2,2,3,0,14,0.43534,0.27910,124,175,0.41714,0.02285,157.49655,0,35,9,6,10,5,4,2,2,1,0.62708,0.26999,177.37603,165.78314,12,16,12,9,10,13,8,7,4,0,0.58566,0.20249,10,17,18,27,25,24,19,25,20,19,0.25525,0.28911,0.43008,168.59191,41,71,27,12,63,37,32,68,0,0,1.24825,0.98694
"00002454_N_500_palm_02.png",0,86,NA,0,0,81.78042,169.10252,71,109877,0,7,11,11,13,10,14,12,12,9,0.45802,0.18733,29,71,0.39436,0.32394,157.07983,0,6,8,9,7,12,19,16,10,12,0.77450,0.18525,172.72899,169.10252,2,8,3,4,14,17,18,21,19,3,0.74321,0.14032,30,25,25,30,33,21,20,20,23,29,0.26211,0.36220,0.58457,272.99745,13,44,9,43,72,29,38,28,0,0,1.18685,0.72460
"00002640_Q_500_palm_04.png",0,7,NA,0,0,70.36946,181.41451,155,75236,16,15,6,2,0,4,3,0,0,15,0.47111,0.30581,106,155,0.12258,0,173.42980,0,42,11,5,1,0,2,0,0,0,0.49824,0.31361,186.63996,181.41451,21,27,15,5,5,1,0,0,0,1,0.41737,0.17352,4,4,2,8,14,24,20,40,33,26,0.40901,0.34983,0.28798,89.56323,33,53,37,3,61,25,35,56,0,0,1.23340,0.97542
"00002533_N_500_palm_10.png",0,17,NA,0,0,96.17353,134.46148,226,99076,8,13,9,10,2,7,4,4,1,18,0.49492,0.28760,135,226,0.58849,0.04424,122.56717,0,32,7,6,3,9,6,6,2,5,0.64431,0.27634,138.57609,134.46148,10,10,11,9,13,3,6,9,13,3,0.63754,0.20755,15,12,13,22,24,30,39,24,27,16,0.25404,0.26052,0.47481,190.87580,20,48,22,21,55,39,39,57,0,0,1.36649,1.09076
"00002610_S_500_slap_06.png",0,93,NA,0,0,70.51420,188.93230,153,177660,7,14,10,16,17,22,18,23,22,7,0.42965,0.15153,38,153,0.53594,0.12418,178.64131,0,20,8,10,15,21,24,28,19,11,0.75400,0.20536,194.98318,188.93230,28,9,20,25,17,23,22,21,10,5,0.62184,0.22571,37,52,54,71,47,50,43,41,51,45,0.25011,0.32234,0.47525,356.43978,17,54,26,71,165,50,53,43,0,0,1.18843,0.93271
"00002433_N_500_palm_07.png",0,93,NA,0,0,92.99908,152.59702,64,125544,0,4,7,18,9,12,21,20,19,3,0.43606,0.12029,21,64,0.56250,0.65625,137.06283,0,3,1,9,5,8,11,19,26,31,0.82148,0.14243,155.89135,152.59702,3,3,2,4,3,10,10,17,25,47,0.81776,0.16113,48,51,50,38,29,15,19,14,13,20,0.15917,0.25746,0.69968,370.83444,6,58,29,57,94,55,39,18,0,0,1.05905,0.45305
"00002547_S_500_slap_04.png",0,48,NA,0,0,88.66563,173.57688,64,93738,15,8,2,11,6,9,2,5,4,8,0.42084,0.22397,36,64,0.18750,0.09375,157.84608,0,8,10,9,3,16,6,10,5,3,0.75300,0.16980,177.49147,173.57688,0,4,14,10,16,17,9,11,1,0,0.68212,0.11638,20,15,24,28,21,15,6,20,14,17,0.22606,0.31317,0.46157,181.86171,18,53,29,15,54,41,43,52,0,0,1.21530,0.64835
"00002384_N_500_palm_10.png",0,24,NA,0,0,62.68310,209.28782,177,65986,10,11,9,4,5,1,2,0,0,11,0.45053,0.28511,143,177,0.27683,0,201.21392,0,33,8,4,1,3,1,2,1,0,0.55978,0.29297,211.02184,209.28782,18,13,11,6,9,6,0,0,0,0,0.47293,0.18564,7,10,11,17,18,18,23,22,15,9,0.23863,0.24011,0.34537,100.84931,23,34,16,7,44,39,17,39,0,0,1.27284,1.09679
"00001057_plain_500_03.png",0,93,NA,0,0,35.60468,163.21826,55,98722,8,3,8,15,10,11,11,19,15,11,0.46332,0.19947,32,55,0.32727,0.70909,144.92444,0,11,2,3,4,4,17,18,18,34,0.80947,0.16921,164.34483,163.21826,3,4,3,2,6,5,13,14,36,42,0.82369,0.15001,33,38,31,41,32,19,21,15,30,21,0.22048,0.31600,0.73114,312.92787,13,41,22,58,100,33,41,17,0,0,1.11662,0.80959
"00002326_R_500_slap_05.png",0,6,NA,0,0,61.34803,202.53316,237,93752,23,15,7,3,6,6,0,0,0,16,0.44354,0.29153,144,237,0.45991,0.00421,193.71038,0,37,17,8,5,4,2,1,1,1,0.58982,0.28552,204.21436,202.53316,10,21,19,16,8,6,6,2,2,0,0.54640,0.16918,4,6,8,3,9,23,27,38,41,62,0.52604,0.41803,0.35969,142.79959,33,59,15,14,72,25,38,56,0,0,1.25053,0.91221
"00002533_Q_500_palm_09.png",0,40,NA,0,0,96.43280,126.58833,154,112376,6,15,15,12,8,5,9,4,2,13,0.44232,0.23872,93,154,0.59740,0.15584,114.47329,0,21,12,6,8,5,12,9,8,8,0.75840,0.13756,139.36968,126.58833,6,12,5,9,9,7,6,12,10,29,0.72000,0.21595,24,23,25,22,19,32,19,28,16,11,0.20593,0.26866,0.55805,263.39990,28,69,52,13,81,60,28,60,0,0,1.22853,1.08500
"00002374_R_500_slap_10.png",0,23,NA,0,0,88.23879,164.64946,87,69098,10,8,2,6,5,2,4,4,0,15,0.51075,0.30198,69,87,0.16092,0,147.01859,0,6,3,12,5,11,9,6,2,2,0.72406,0.23046,168.67487,164.64946,3,9,9,19,11,12,2,0,0,1,0.60988,0.12715,6,21,14,13,20,6,6,13,5,7,0.20019,0.34122,0.41429,127.60402,14,39,14,11,31,12,22,33,0,0,1.36698,1.37577
"00002593_J_500_palm_07.png",0,27,NA,0,0,18.74585,244.89254,24,33313,9,12,7,9,5,6,2,0,0,4,0.36576,0.18953,24,24,1,0,241.40906,0,28,12,8,4,2,0,0,0,0,0.54326,0.30856,245.41446,244.89254,11,30,14,3,2,0,0,0,0,0,0.42502,0.11940,0,0,2,2,11,18,38,43,14,8,0.32743,0.27124,0.32274,50.67138,21,42,11,22,38,26,23,23,0,0,1.14097,0.84152
"00001581_plain_500_04.png",0,83,NA,0,0,40.47399,176.10114,82,109292,6,5,5,11,12,12,18,15,23,13,0.48721,0.20534,43,82,0.32926,0.26829,154.53454,0,11,7,10,9,10,6,22,11,34,0.78666,0.19130,178.07763,176.10114,15,3,8,12,14,19,11,29,36,6,0.71470,0.20138,25,30,33,32,32,26,22,43,32,30,0.28414,0.36414,0.63965,305.11294,19,31,15,53,126,39,21,15,0,0,1.07541,0.64545
"00002559_Q_500_palm_07.png",0,46,NA,0,0,93.23865,128.20967,127,139377,9,19,21,15,12,4,13,5,0,17,0.43701,0.24038,16,127,0.37007,0.14960,114.75496,0,10,10,14,11,17,14,10,17,12,0.78184,0.14049,144.80935,128.20967,2,11,12,21,20,15,14,14,16,16,0.71440,0.15433,36,28,21,31,49,28,20,22,13,10,0.16829,0.24937,0.54916,327.30409,40,82,14,24,50,38,58,69,0,0,1.26422,0.92156
"00002578_N_500_palm_04.png",0,53,NA,0,0,74.50745,189.38392,92,82996,7,10,11,9,7,8,11,7,5,8,0.42874,0.20097,41,92,0.64130,0.05434,173.83816,0,18,18,15,6,12,5,4,2,3,0.65648,0.27514,195.33719,189.38392,7,14,13,23,19,10,3,3,3,0,0.59731,0.14966,14,17,20,21,24,32,16,27,27,32,0.32116,0.38335,0.45569,164.50504,18,39,46,18,94,37,34,33,0,0,1.15536,0.74558
"00002384_N_500_palm_05.png",0,16,NA,0,0,65.26129,202.51568,160,76849,11,13,7,6,3,5,6,1,0,14,0.46722,0.28166,113,160,0.30625,0,194.62108,0,40,11,4,7,0,3,1,0,0,0.61616,0.23542,205.71058,202.51568,23,20,12,9,5,4,0,0,0,0,0.43282,0.17413,5,4,5,9,14,34,24,44,22,22,0.34296,0.29367,0.29709,95.36820,33,37,20,20,49,28,30,37,0,0,1.12965,0.70740
"00002478_N_500_palm_05.png",0,12,NA,0,0,84.56749,179.04311,154,91410,7,15,11,4,3,4,3,2,0,24,0.54432,0.32255,90,154,0.42857,0.06493,164.26139,0,31,14,13,5,2,5,2,1,0,0.63524,0.24582,183.85674,179.04311,24,14,3,11,7,7,8,10,3,2,0.53650,0.25754,14,13,13,15,14,14,12,39,37,25,0.34587,0.31686,0.38577,146.59619,29,40,17,9,40,37,31,58,0,0,1.44645,1.34760
"00002577_N_500_palm_09.png",0,23,NA,0,0,87.55451,166.89151,113,112942,11,12,13,10,6,8,6,1,0,25,0.51117,0.30271,62,113,0.23008,0.09734,160.11387,0,28,15,16,7,9,6,6,3,2,0.63699,0.28598,174.41214,166.89151,12,19,10,13,12,12,6,9,11,5,0.62214,0.20786,25,16,22,22,30,30,25,24,24,29,0.28309,0.34904,0.46789,217.10311,41,61,20,15,51,35,41,60,0,0,1.29372,1.01401
"00002573_Q_500_palm_03.png",0,80,NA,0,0,92.83425,153.58378,81,102039,3,3,9,11,5,11,10,14,11,7,0.45242,0.18309,44,81,0.44444,0.37037,143.74575,0,11,10,2,7,6,14,16,8,10,0.77432,0.16376,159.08902,153.58378,2,5,9,8,9,7,8,11,11,24,0.75565,0.16731,25,20,14,16,21,29,25,21,24,31,0.29719,0.34721,0.59573,256.16633,8,56,21,35,91,55,26,29,0,0,1.13991,0.75109
"00002433_J_500_palm_08.png",0,96,NA,0,0,69.28572,179.75846,73,129144,3,9,10,7,10,14,17,24,19,4,0.43694,0.13990,24,73,0.52054,0.52054,172.99848,0,10,0,6,11,9,14,24,23,20,0.77545,0.21524,187.85062,179.75846,6,7,8,5,8,11,9,17,31,33,0.76700,0.18783,52,42,33,41,24,25,12,23,21,23,0.18994,0.28225,0.64465,350.69266,13,51,54,58,122,68,34,23,0,0,1.06047,0.49194
"00002568_J_500_palm_04.png",0,21,NA,0,0,68.42110,148.53457,165,75085,8,13,10,8,5,6,0,5,0,14,0.46522,0.27550,115,165,0.39393,0.03030,131.32974,0,31,14,3,7,1,4,4,1,4,0.56028,0.32744,155.65601,148.53457,19,7,8,7,13,6,5,5,3,3,0.55951,0.23302,10,12,11,14,9,8,24,30,32,30,0.37794,0.34331,0.46153,149.99771,34,54,21,12,58,32,25,47,0,0,1.21883,1.08563
"00002568_J_500_palm_10.png",0,25,NA,0,0,64.09272,189.40532,162,67918,6,9,5,7,5,4,2,1,1,12,0.48462,0.28861,130,162,0.54321,0.02469,183.75704,0,28,6,5,1,1,4,3,0,4,0.46755,0.37464,196.93855,189.40532,3,16,9,6,3,2,7,3,10,5,0.63713,0.20287,7,14,18,25,22,12,9,18,9,10,0.20293,0.25869,0.44684,130.03171,21,32,21,7,48,42,29,46,0,0,1.31103,0.89343
"00002447_R_500_slap_06.png",0,52,NA,0,0,73.99771,190.82133,244,168858,24,24,23,21,12,11,12,3,5,11,0.38391,0.18840,96,244,0.83196,0.01229,181.49244,0,38,19,19,10,16,14,9,11,10,0.69916,0.23740,194.39373,190.82133,16,12,21,30,30,24,18,8,5,2,0.62527,0.17916,22,48,44,42,53,43,47,32,49,64,0.30580,0.36963,0.46552,322.60991,50,75,38,49,109,74,64,66,0,0,1.19859,0.83050
"00002475_S_500_slap_04.png",0,22,NA,0,0,72.60450,155.01974,173,97992,15,21,8,13,5,6,5,0,0,10,0.39530,0.23038,66,173,0.35838,0,145.29220,0,30,21,13,6,3,2,5,0,3,0.67291,0.21326,163.02671,155.01974,15,27,23,17,12,5,0,0,0,1,0.50199,0.15335,1,2,1,4,4,32,41,78,44,42,0.45595,0.35151,0.37105,151.76216,48,49,18,22,56,28,38,63,0,0,1.31172,1.20326
"00002547_Q_500_palm_03.png",0,60,NA,0,0,82.64247,158.60945,71,94238,4,9,9,11,8,7,8,16,7,5,0.42580,0.16648,48,71,0.35211,0.09859,146.78447,0,4,9,12,14,10,10,8,12,5,0.77330,0.15640,167.92858,158.60945,3,5,10,16,19,17,13,7,5,1,0.67943,0.13502,17,15,21,21,20,22,21,32,29,37,0.34603,0.39246,0.51919,206.63958,17,55,29,25,78,38,43,26,0,0,1.10154,0.57296
"00002433_J_500_palm_09.png",0,95,NA,0,0,73.42597,169.63501,84,155674,2,3,12,13,10,17,16,24,23,7,0.45289,0.15532,31,84,0.33333,0.53571,163.31968,0,10,2,5,7,14,15,24,21,29,0.79698,0.17115,175.75073,169.63501,15,13,3,7,6,8,11,11,38,41,0.73933,0.23131,53,45,55,38,33,18,13,22,35,32,0.22592,0.33110,0.62056,399.64548,13,52,27,64,122,88,54,29,0,0,1.14850,0.69474
"00002396_R_500_slap_10.png",0,8,NA,0,0,70.84253,184.78434,201,73418,16,10,6,3,3,2,0,1,1,13,0.46194,0.30457,154,201,0.70646,0.00995,180.12299,0,30,13,8,2,1,0,0,0,1,0.55795,0.29790,191.53998,184.78434,6,10,10,17,11,7,4,3,0,0,0.58597,0.15532,12,13,13,15,14,18,22,11,5,6,0.17120,0.20022,0.39650,123.31168,36,39,11,15,46,21,20,59,0,0,1.47338,1.43926
"00002550_J_500_palm_09.png",0,49,NA,0,0,70.38177,170.81513,59,67612,4,11,6,8,5,7,12,2,5,10,0.45737,0.23410,26,59,0.27118,0.03389,145.45515,0,13,12,6,4,5,12,11,3,4,0.72858,0.21075,178.01424,170.81513,9,9,8,10,12,8,6,8,9,5,0.64364,0.20190,15,15,16,17,18,24,22,24,20,22,0.27911,0.31603,0.55839,163.05066,12,36,17,30,46,28,31,20,0,0,1.19901,0.93071
"00002362_R_500_slap_09.png",0,35,NA,0,0,84.96111,160.88154,134,100382,16,6,8,9,9,9,6,7,3,13,0.44477,0.24600,96,134,0.27611,0.06716,151.37047,0,28,8,13,6,7,7,7,7,3,0.71834,0.17690,166.70173,160.88154,14,8,9,9,6,7,15,5,17,6,0.65378,0.21593,33,24,25,20,24,22,30,22,23,13,0.20587,0.25021,0.50510,217.19520,35,59,38,25,76,39,52,55,0,0,1.25399,1.05425
"00002458_J_500_palm_02.png",0,42,NA,0,0,51.82883,196.43676,134,82559,9,12,8,12,8,11,10,7,4,6,0.40445,0.17853,84,134,0.53731,0,181.36844,0,21,13,8,5,11,5,14,6,4,0.70719,0.23427,202.56127,196.43676,9,11,15,14,11,9,14,8,9,3,0.63802,0.19276,7,23,22,14,27,26,36,41,32,33,0.33469,0.36706,0.53680,197.00728,22,53,40,26,91,57,32,32,0,0,1.09732,0.59497
"00002437_S_500_slap_08.png",0,67,NA,0,0,86.70710,173.62859,51,97472,3,7,7,7,13,9,8,19,7,5,0.43489,0.16366,21,51,0.21568,0.25490,163.06602,0,9,2,3,7,11,18,15,9,11,0.76368,0.21620,178.45151,173.62859,0,3,4,6,4,14,19,25,19,0,0.77237,0.10665,32,22,23,30,26,19,7,11,13,7,0.15495,0.23948,0.59862,253.21790,9,58,32,36,102,63,19,21,0,0,1.09510,0.85067
"00002320_R_500_slap_06.png",0,39,NA,0,0,69.38887,162.66146,187,157571,12,32,20,19,13,15,8,0,1,24,0.44005,0.25576,29,187,0.28877,0.13369,150.74577,0,20,29,32,18,18,11,8,5,3,0.73599,0.15012,166.32487,162.66146,12,17,12,22,15,26,24,19,5,1,0.65377,0.17256,23,26,32,49,57,57,56,55,46,45,0.28822,0.33761,0.50029,325.19290,74,115,24,30,69,43,53,102,0,0,1.20002,0.92425
"00002569_S_500_slap_07.png",0,40,NA,0,0,67.43640,191.64714,106,93740,4,17,16,7,4,5,10,6,1,9,0.41863,0.21719,58,106,0.53773,0,184.09236,0,23,10,11,10,7,8,3,4,3,0.68439,0.23809,196.84518,191.64714,5,15,15,23,19,10,2,1,0,0,0.58255,0.13948,3,9,17,25,15,26,32,51,28,27,0.34072,0.34901,0.40344,161.78275,30,45,20,24,62,38,33,44,0,0,1.19423,0.84248
"00002319_N_500_palm_04.png",0,52,NA,0,0,60.29103,211.34168,74,60582,8,4,2,3,9,2,9,8,3,8,0.46374,0.23262,52,74,0.55405,0.01351,200.12396,0,21,9,4,1,4,2,9,4,2,0.55606,0.35705,211.97856,211.34168,8,12,12,11,10,7,3,2,0,0,0.55246,0.17791,12,15,13,7,11,19,16,16,17,14,0.27988,0.32397,0.41142,109.85098,13,33,19,12,56,49,18,30,0,0,1.20293,0.86263
"00002398_J_500_palm_09.png",0,22,NA,0,0,68.38007,155.02036,124,92817,11,10,11,12,7,7,4,4,3,12,0.43895,0.24349,83,124,0.65322,0.05645,142.95958,0,13,11,15,5,11,4,9,8,5,0.73448,0.19693,158.05957,155.02036,8,7,13,10,15,7,7,8,8,5,0.65336,0.18907,11,17,22,12,17,23,18,28,34,49,0.41057,0.42155,0.50111,198.44303,23,47,28,20,75,40,38,33,0,0,1.20551,0.98369
"00002357_N_500_palm_10.png",0,33,NA,0,0,83.00663,159.85483,88,74685,12,8,7,9,4,5,5,5,1,8,0.41857,0.22959,65,88,0.42045,0.05681,148.52645,0,17,7,16,5,6,4,2,4,3,0.71177,0.19515,170.81032,159.85483,9,7,8,6,10,14,10,5,4,1,0.63890,0.18532,25,11,7,16,16,23,16,16,15,15,0.24932,0.31147,0.48109,152.98841,21,56,14,10,49,31,43,43,0,0,1.22968,0.77398
"00002325_R_500_slap_04.png",0,32,NA,0,0,79.45671,165.02597,120,100240,9,14,13,11,5,5,3,5,1,14,0.44983,0.26014,63,120,0.18333,0.00833,155.12424,0,21,19,16,7,10,2,4,1,0,0.66211,0.24125,175.38988,165.02597,8,16,18,22,18,11,3,1,1,1,0.57910,0.15469,10,14,17,26,21,30,42,33,26,17,0.26296,0.27902,0.39990,173.55800,32,63,15,27,65,42,35,34,0,0,1.11516,0.81056
"00002593_Q_500_palm_05.png",0,39,NA,0,0,50.41312,209.89085,159,80883,11,11,9,3,8,5,6,4,0,5,0.38703,0.19309,113,159,0.70440,0,205.43051,0,33,9,8,6,3,2,1,0,0,0.61021,0.25776,210.90025,209.89085,5,18,30,8,7,0,1,0,0,0,0.50176,0.12465,11,12,10,15,25,30,23,25,13,14,0.24336,0.26882,0.34516,115.97504,20,40,26,17,83,44,27,40,0,0,1.21035,0.87573
"00002376_R_500_slap_03.png",0,78,NA,0,0,79.55262,177.00768,90,136233,4,5,15,18,11,15,19,14,7,10,0.43673,0.18381,25,90,0.47777,0.05555,167.90889,0,21,14,18,10,16,12,17,8,2,0.72534,0.20427,180.24476,177.00768,10,18,16,27,18,23,12,4,2,1,0.61398,0.16325,49,20,20,39,22,27,33,36,28,29,0.25784,0.34474,0.44975,259.95710,24,57,11,66,109,42,44,50,0,0,1.20066,0.84473
"00002304_R_500_slap_08.png",0,42,NA,0,0,73.25673,196.23653,114,78551,7,7,7,12,7,5,7,2,2,9,0.43829,0.23351,60,114,0.47368,0.03508,188.74841,0,17,9,14,8,2,5,5,1,4,0.68044,0.24387,198.02446,196.23653,13,12,13,9,5,4,2,4,6,2,0.55407,0.21088,11,9,12,10,6,10,29,22,12,22,0.33297,0.35692,0.41001,136.12612,19,36,15,23,50,26,17,28,0,0,1.16572,0.90414
"00002581_S_500_slap_08.png",0,69,NA,0,0,61.58964,188.32504,71,91856,1,10,9,8,12,14,8,6,4,8,0.43597,0.19814,43,71,0.63380,0.07042,179.94487,0,19,9,15,9,5,10,5,3,5,0.69380,0.23978,194.08448,188.32504,1,7,14,11,14,23,11,7,6,0,0.68157,0.12940,15,20,20,28,26,36,17,18,27,24,0.25744,0.30501,0.52288,206.01685,24,46,40,29,95,61,35,23,0,0,1.05817,0.48451
"00002577_Q_500_palm_10.png",0,30,NA,0,0,79.31542,154.30744,125,67601,13,11,7,5,2,6,2,1,0,9,0.42282,0.25793,107,125,0.51200,0.07200,142.93165,0,22,10,7,4,4,5,2,2,0,0.64892,0.25237,162.89263,154.30744,4,4,8,7,10,10,9,5,6,2,0.67875,0.16168,11,14,9,17,9,20,14,22,15,15,0.27150,0.30291,0.48584,143.81137,21,51,18,18,48,21,18,26,0,0,1.17766,1.08682
"00002408_R_500_slap_02.png",0,50,NA,0,0,67.47983,187.03101,103,88797,11,13,14,8,5,10,5,1,1,3,0.35903,0.14895,68,103,0.64077,0.03883,180.52212,0,7,11,17,9,6,11,5,2,3,0.75357,0.13867,190.52647,187.03101,1,5,13,13,19,12,6,9,1,1,0.66386,0.12576,8,12,26,32,27,27,16,16,20,15,0.23121,0.27108,0.47539,177.79615,21,62,20,17,54,40,27,37,0,0,1.15323,0.73625
"00002502_J_500_palm_09.png",0,0,NA,0,0,29.67008,238.87673,236,55839,26,4,5,2,2,1,1,0,0,24,0.53779,0.35650,170,236,0.45762,0,231.96386,0,44,7,2,2,1,2,3,1,3,0.49519,0.33912,239.79635,238.87673,28,20,9,1,4,0,3,4,3,1,0.42271,0.23696,1,1,2,11,13,13,25,42,36,31,0.44020,0.32210,0.31915,83.29852,42,58,15,9,34,16,27,63,0,0,1.32175,1.19929
"00002640_S_500_slap_02.png",0,55,NA,0,0,64.40799,201.92762,80,91919,3,12,8,9,14,9,8,5,6,10,0.44337,0.21549,52,80,0.58750,0,191.51320,0,27,11,11,14,12,4,2,2,1,0.67986,0.22763,204.26576,201.92762,14,27,23,16,9,1,2,0,0,0,0.49511,0.14798,8,11,15,26,19,41,24,31,33,25,0.31222,0.32087,0.32873,126.56363,15,40,36,27,113,69,27,21,0,0,1.07474,0.51972
"00002415_R_500_slap_05.png",0,34,NA,0,0,85.68286,151.96961,72,73395,13,9,4,5,7,5,1,0,2,11,0.45271,0.27522,44,72,0.61111,0.11111,142.78483,0,25,11,4,5,4,5,2,0,1,0.62006,0.27527,156.59394,151.96961,2,7,12,16,7,2,3,7,9,0,0.64192,0.15869,17,7,11,18,16,16,17,10,17,15,0.27776,0.35254,0.47373,143.54167,27,35,19,11,51,28,23,54,0,0,1.34088,1.04639
"00002523_J_500_palm_05.png",0,4,NA,0,0,50.74403,208.74742,126,41709,7,8,5,6,0,1,0,3,1,14,0.53269,0.32108,109,126,0.38888,0,191.23474,0,24,9,2,1,4,3,0,0,2,0.62082,0.25258,212.73079,208.74742,12,7,21,4,3,5,2,0,0,0,0.48578,0.18296,1,11,8,12,8,11,13,31,13,10,0.30669,0.29758,0.38750,74.40094,19,33,5,8,32,17,9,27,0,0,1.30966,1.65520
"00002443_Q_500_palm_10.png",0,49,NA,0,0,84.68085,165.25739,49,68025,1,4,8,8,6,7,4,7,6,8,0.47331,0.22076,28,49,0.38775,0.30612,156.21908,0,6,3,2,5,10,8,10,11,4,0.75909,0.21210,172.28875,165.25739,4,4,3,2,3,4,12,13,15,5,0.74653,0.17761,27,16,26,21,18,9,8,6,9,1,0.11781,0.17643,0.57974,172.18378,8,20,28,18,67,60,26,5,0,0,1.06919,0.37656
"00002645_S_500_slap_01.png",0,92,NA,0,0,76.56576,184.06445,90,139620,4,6,6,16,12,12,19,22,20,5,0.43836,0.14150,34,90,0.60000,0.20000,172.39212,0,9,6,13,10,20,25,11,16,12,0.78322,0.15469,187.22574,184.06445,11,12,14,13,24,12,16,10,11,11,0.66127,0.20284,33,39,26,33,31,41,41,39,42,31,0.26565,0.32477,0.50866,295.02775,11,54,24,63,124,52,26,21,0,0,1.07303,0.63000
"00001665_plain_500_08.png",0,3,NA,0,0,33.47915,178.50889,173,110180,23,22,13,7,7,6,7,5,2,54,0.57193,0.33351,73,173,0.32369,0.00578,162.21823,0,57,21,23,13,12,10,4,4,2,0.62502,0.28317,182.63404,178.50889,11,40,27,24,14,15,7,2,4,6,0.56560,0.18049,26,30,25,33,30,39,20,55,58,68,0.37627,0.39816,0.38931,184.92439,44,85,18,35,74,36,60,89,0,0,1.36477,1.14250
"00002521_Q_500_palm_10.png",0,8,NA,0,0,69.65266,166.90062,237,112258,8,20,15,11,10,9,2,3,0,20,0.46418,0.27589,126,237,0.64135,0.00843,158.10504,0,49,26,8,5,6,0,1,1,2,0.63449,0.23226,171.59337,166.90062,17,22,22,18,9,10,6,2,1,1,0.53956,0.17444,6,3,13,14,27,36,61,70,37,18,0.30842,0.26053,0.40179,183.21622,50,65,18,24,75,47,29,67,0,0,1.30723,1.23250
"00002505_N_500_palm_10.png",0,7,NA,0,0,85.24611,180.72857,51,77686,5,10,3,4,4,2,5,5,0,21,0.57598,0.32134,40,51,0.45098,0.19607,174.43989,0,17,10,7,5,2,10,7,1,0,0.64525,0.28008,188.06394,180.72857,7,16,5,14,7,9,5,4,6,3,0.61064,0.19402,13,4,9,8,9,10,14,9,9,10,0.26749,0.32946,0.45566,147.63557,18,34,4,18,30,17,20,41,0,0,1.49717,1.60297
"00002314_R_500_slap_02.png",0,NA,"Error: NFIQ2 computeQualityScore returned an error code: Width is too small after trimming whitespace. WxH: 184x368, but minimum width is 197",0,0,NA,NA,NA,NA,NA,NA,NA,NA,NA,NA,NA,NA,NA,NA,NA,NA,NA,NA,NA,NA,NA,NA,NA,NA,NA,NA,NA,NA,NA,NA,NA,NA,NA,NA,NA,NA,NA,NA,NA,NA,NA,NA,NA,NA,NA,NA,NA,NA,NA,NA,NA,NA,NA,NA,NA,NA,NA,NA,NA,NA,NA,NA,NA,NA,NA,NA,NA,NA,NA,NA,NA,NA,NA
"00002584_J_500_palm_09.png",0,5,NA,0,0,20.75155,239.56947,239,124921,28,11,13,8,5,6,4,2,0,29,0.49101,0.31837,134,239,0.73640,0,238.54339,0,66,20,6,11,2,0,1,0,0,0.47382,0.33611,240.91740,239.56947,35,26,26,24,10,6,1,0,0,0,0.45633,0.18254,9,19,14,21,31,47,35,55,36,47,0.34233,0.33790,0.36595,197.24930,49,65,19,23,85,36,44,91,0,0,1.51970,1.66414
"00002359_J_500_palm_10.png",0,46,NA,0,0,75.05193,164.31351,103,104363,6,12,7,11,5,10,10,7,3,7,0.41941,0.19502,67,103,0.29126,0.12621,154.61231,0,14,12,9,4,8,5,7,10,9,0.75002,0.18877,177.94385,164.31351,12,16,14,14,14,7,12,9,9,5,0.61183,0.22424,15,16,24,20,17,21,31,18,22,27,0.29974,0.36499,0.50155,229.20941,20,41,14,11,30,25,32,39,0,0,1.32691,0.99723
"00002650_S_500_slap_08.png",0,66,NA,0,0,64.21461,209.36393,136,120173,12,11,12,11,10,10,14,16,2,6,0.40108,0.16689,73,136,0.30147,0.15441,205.08500,0,25,6,8,8,7,13,10,10,17,0.70115,0.27494,212.54635,209.36393,17,10,6,6,10,3,22,15,24,3,0.66417,0.23923,22,33,34,37,23,25,20,29,24,26,0.22881,0.27703,0.50503,253.52647,23,58,31,48,94,32,32,41,0,0,1.16543,0.86558
"00002320_R_500_slap_03.png",0,1,NA,0,0,76.23891,146.85300,255,110359,14,20,9,6,1,6,3,2,0,27,0.52205,0.32200,125,255,0.55294,0,135.52290,0,43,20,11,3,3,3,1,1,3,0.61753,0.25366,149.47739,146.85300,27,28,18,11,10,3,3,2,0,0,0.46551,0.17691,2,9,16,14,16,39,42,55,32,18,0.30165,0.25962,0.32627,149.10585,46,49,14,12,61,21,45,69,0,0,1.38861,1.17978
"00002353_N_500_palm_10.png",0,48,NA,0,0,80.66045,180.06143,135,80089,13,7,6,11,4,5,3,2,0,11,0.44233,0.26500,84,135,0.38518,0.41481,169.17433,0,33,4,3,9,2,4,2,2,3,0.41524,0.39241,188.05189,180.06143,5,4,6,3,6,4,13,9,9,18,0.74569,0.20072,19,23,19,18,8,9,11,17,16,17,0.25253,0.33599,0.54509,191.32729,30,65,29,10,113,32,51,33,0,0,1.09751,0.67641
"00002528_N_500_palm_07.png",0,88,NA,0,0,93.82389,153.98615,78,126752,8,9,11,10,9,13,12,24,11,4,0.41602,0.13956,30,78,0.32051,0.67948,138.47998,0,8,5,11,5,6,14,17,13,32,0.79710,0.18315,156.37972,153.98615,4,3,2,3,6,5,11,15,34,41,0.81697,0.17018,44,42,40,42,24,17,18,22,29,28,0.22722,0.33437,0.71968,382.87401,18,57,16,36,73,38,57,53,0,0,1.23230,0.66310
"00002475_J_500_palm_04.png",0,9,NA,0,0,39.95567,219.51939,116,40476,14,9,10,4,10,4,2,3,0,13,0.44829,0.27284,83,116,0.34482,0,194.88230,0,30,16,10,7,2,0,2,1,1,0.60167,0.28142,222.10170,219.51939,17,23,20,10,6,1,0,0,0,0,0.44826,0.16720,1,2,3,7,4,20,35,46,35,44,0.49989,0.40001,0.36164,67.98865,25,56,16,14,50,20,26,47,0,0,1.20345,0.83212
"00002475_J_500_palm_10.png",0,2,NA,0,0,43.60706,210.03059,99,52472,6,14,7,6,2,4,1,3,1,15,0.49448,0.30146,63,99,0.34343,0,190.28384,0,31,11,5,2,4,2,2,2,0,0.64430,0.22607,215.62380,210.03059,24,22,17,8,5,1,0,0,0,0,0.42683,0.16328,0,0,2,3,4,17,38,60,27,18,0.39588,0.29849,0.37173,87.72954,24,28,11,7,45,22,19,35,0,0,1.37524,1.21573
"00002514_Q_500_palm_03.png",0,69,NA,0,0,74.30739,194.15590,41,69804,2,2,8,7,8,6,6,7,7,3,0.42556,0.15932,30,41,0.51219,0.29268,188.15259,0,3,2,7,2,7,6,10,12,7,0.80673,0.12207,198.64322,194.15590,1,1,5,5,8,4,18,12,9,0,0.74085,0.13110,10,18,22,25,16,12,7,14,8,16,0.21816,0.29202,0.53236,159.17760,8,18,12,29,52,16,13,13,0,0,1.08948,0.55344
"00002611_Q_500_palm_03.png",0,90,NA,0,0,83.90878,178.21776,69,124372,0,3,5,11,14,13,17,18,24,4,0.45150,0.13191,32,69,0.81159,0.60869,169.50554,0,4,0,8,2,6,16,18,25,30,0.81628,0.16403,182.86120,178.21776,3,2,0,2,2,4,20,22,42,24,0.82393,0.13083,59,36,32,22,29,29,20,17,23,29,0.22292,0.32464,0.69056,359.78409,3,53,26,73,131,52,37,8,0,0,1.03252,0.39970
"00002569_S_500_slap_03.png",0,38,NA,0,0,69.86944,179.51448,152,119907,12,17,17,11,10,5,9,10,2,6,0.38154,0.17231,80,152,0.71710,0.00657,172.06068,0,16,7,18,10,11,15,13,6,3,0.74201,0.18175,181.48889,179.51448,9,10,25,15,19,18,5,6,1,1,0.60513,0.16558,4,13,13,31,24,44,45,45,43,47,0.37053,0.37860,0.43290,216.88324,24,77,13,31,59,43,63,60,0,0,1.26672,0.86741
"00002338_R_500_slap_06.png",0,88,NA,0,0,87.80448,170.63909,119,139074,3,4,6,10,11,15,12,21,21,9,0.47532,0.17984,64,119,0.30252,0.39495,159.29428,0,7,2,5,7,11,13,16,21,30,0.81409,0.14537,172.80245,170.63909,6,8,7,8,4,4,8,17,19,47,0.78168,0.19701,38,52,41,37,28,21,21,35,31,35,0.24801,0.33121,0.63944,369.59651,5,44,33,47,128,76,43,20,0,0,1.10763,0.47523
"00002571_S_500_slap_07.png",0,90,NA,0,0,56.30054,214.18308,51,116005,5,6,11,9,10,9,13,21,12,2,0.41203,0.11691,25,51,0.62745,0.37254,210.32970,0,5,5,9,6,9,12,12,17,23,0.79608,0.17260,216.29562,214.18308,3,4,10,5,7,11,18,20,26,4,0.75014,0.14989,25,31,37,33,33,26,14,10,22,22,0.21021,0.29843,0.57191,284.24233,11,45,22,40,87,47,34,16,0,0,1.09241,0.60558
"00002588_J_500_palm_07.png",0,62,NA,0,0,55.20697,199.94726,67,59530,7,10,8,4,10,1,4,3,1,4,0.38657,0.18931,48,67,0.61194,0.14925,193.45348,0,11,9,11,9,5,3,2,2,0,0.68339,0.22954,205.17231,199.94726,7,3,7,4,9,14,8,4,4,0,0.64606,0.18824,7,12,17,10,23,14,14,11,15,13,0.26862,0.34085,0.50489,126.22437,14,33,12,23,44,25,17,19,0,0,1.13368,0.79999
"00002602_S_500_slap_08.png",0,79,NA,0,0,48.07068,219.41166,56,95880,9,12,11,8,8,7,8,15,3,2,0.37789,0.12534,33,56,0.33928,0.05357,215.81322,0,23,11,7,5,9,13,9,3,3,0.63867,0.30527,221.04615,219.41166,6,8,11,12,9,14,16,10,4,0,0.65536,0.16895,29,27,16,27,37,36,12,23,12,10,0.18586,0.26343,0.48805,196.19605,20,42,26,40,85,48,32,37,0,0,1.19098,0.91525
"00002555_S_500_slap_08.png",0,59,NA,0,0,97.87220,141.17750,68,101844,3,16,9,7,10,11,7,9,1,6,0.40871,0.18109,41,68,0.36764,0.41176,133.50377,0,14,9,8,9,9,10,6,5,9,0.68562,0.28163,151.95924,141.17750,1,5,8,8,7,5,4,9,16,32,0.78561,0.16440,21,21,20,27,27,19,13,25,18,32,0.29355,0.37256,0.59363,255.26071,22,54,44,21,103,61,29,46,0,0,1.13559,0.62646
"00002523_S_500_slap_06.png",0,84,NA,0,0,95.72091,153.15402,83,123304,2,11,8,9,18,11,9,13,9,10,0.44862,0.19760,35,83,0.37349,0.31325,137.03398,0,5,10,13,9,8,17,15,11,12,0.79299,0.12620,160.13495,153.15402,3,3,3,9,13,14,11,14,30,18,0.77246,0.15766,33,30,30,31,21,28,30,22,19,21,0.21614,0.28915,0.60851,318.86248,15,71,18,39,70,56,57,30,0,0,1.13389,0.66320
"00002373_R_500_slap_05.png",0,58,NA,0,0,82.83830,142.80867,99,98616,5,12,10,17,9,9,8,5,1,10,0.42711,0.21497,48,99,0.42424,0.42424,130.56024,0,9,10,7,8,5,14,15,8,10,0.77447,0.15901,150.40609,142.80867,2,5,9,11,6,9,6,13,15,19,0.74640,0.17874,32,28,37,28,30,24,12,15,16,11,0.16854,0.25773,0.58869,244.30731,15,69,30,13,50,66,41,40,0,0,1.17977,0.68698
"00002518_N_500_palm_02.png",0,56,NA,0,0,90.98965,144.55193,61,71222,1,2,4,7,12,9,2,13,0,8,0.47062,0.21823,30,61,0.49180,0.45901,131.32766,0,6,2,4,2,4,8,15,7,10,0.75882,0.23778,151.02453,144.55193,2,6,3,0,2,4,3,5,17,23,0.79389,0.18016,33,21,14,12,9,23,6,6,15,15,0.22643,0.33040,0.67321,199.94328,6,45,19,13,45,46,26,26,0,0,1.15354,0.55450
"00002447_R_500_slap_01.png",0,29,NA,0,0,60.02508,205.58801,255,159459,33,31,13,10,13,9,4,9,0,15,0.39014,0.22326,88,255,0.61960,0.00392,197.02997,0,50,34,14,8,11,4,6,5,5,0.60754,0.29940,209.29271,205.58801,9,16,31,42,28,10,12,5,3,1,0.60519,0.14808,18,25,39,18,50,55,64,57,42,45,0.29755,0.33787,0.43268,284.27417,66,111,18,27,136,59,74,115,0,0,1.28136,0.96293
"00001052_plain_500_10.png",0,NA,"Error: NFIQ2 computeQualityScore returned an error code: Could not create feature set from raw data: FRFXLL_ERR_FB_TOO_SMALL_AREA: Fingerprint area is too small. Most likely this is because the tip of the finger is presented.",0,0,NA,NA,NA,NA,NA,NA,NA,NA,NA,NA,NA,NA,NA,NA,NA,NA,NA,NA,NA,NA,NA,NA,NA,NA,NA,NA,NA,NA,NA,NA,NA,NA,NA,NA,NA,NA,NA,NA,NA,NA,NA,NA,NA,NA,NA,NA,NA,NA,NA,NA,NA,NA,NA,NA,NA,NA,NA,NA,NA,NA,NA,NA,NA,NA,NA,NA,NA,NA,NA,NA,NA,NA,NA
"00002559_S_500_slap_07.png",0,56,NA,0,0,67.47873,203.17637,115,125883,12,15,13,10,11,16,7,11,0,7,0.39399,0.17726,35,115,0.31304,0.03478,197.98929,0,23,16,18,21,12,8,2,2,0,0.67141,0.24920,204.03442,203.17637,2,8,20,36,16,14,11,6,1,0,0.64026,0.11627,33,34,24,28,25,46,33,25,7,6,0.14627,0.17650,0.44682,230.55904,43,71,13,35,84,44,33,48,0,0,1.15876,0.93575
"00002533_S_500_slap_08.png",0,64,NA,0,0,88.25932,158.30539,57,64802,4,7,9,6,0,7,7,3,1,8,0.45035,0.24218,52,57,0.49122,0.24561,147.22425,0,10,7,5,4,9,4,6,4,3,0.67401,0.29244,167.15551,158.30539,0,2,1,4,5,4,6,7,17,16,0.81039,0.13017,11,12,26,20,15,9,16,8,13,10,0.20966,0.27152,0.63352,174.22053,12,46,33,6,63,38,29,32,0,0,1.19236,0.97949
"00002315_R_500_slap_05.png",0,2,NA,0,0,66.22160,183.92014,207,73087,13,10,8,5,5,3,0,0,0,17,0.49527,0.31682,165,207,0.58454,0,176.59897,0,34,16,3,3,0,1,2,1,1,0.57467,0.27740,190.50461,183.92014,26,12,5,10,8,4,4,0,0,0,0.45736,0.20485,0,3,9,4,11,15,29,36,33,24,0.40696,0.32294,0.33384,104.49216,38,51,22,12,67,19,25,54,0,0,1.22055,1.02082
"00002636_S_500_slap_09.png",0,54,NA,0,0,55.64675,218.88000,109,94590,14,15,9,7,7,4,4,5,1,11,0.42370,0.24473,53,109,0.60550,0.09174,215.95938,0,41,9,12,5,4,1,1,3,1,0.47928,0.35639,220.98152,218.88000,11,6,11,13,13,7,13,11,2,1,0.61915,0.20586,24,14,18,18,14,30,21,25,12,11,0.21274,0.26063,0.44116,168.52336,48,63,41,16,87,19,33,51,0,0,1.15234,0.97241
"00002504_N_500_palm_03.png",0,87,NA,0,0,82.66959,183.97591,105,97528,5,4,5,13,14,10,11,17,13,7,0.44700,0.17413,44,105,0.38095,0.28571,153.50615,0,10,3,8,14,13,18,12,7,14,0.75042,0.22692,186.12614,183.97591,5,8,8,8,12,8,12,16,18,22,0.73659,0.19901,37,29,21,30,20,29,20,24,24,30,0.26034,0.33493,0.65860,280.56594,12,47,31,39,136,61,38,22,0,0,1.11969,0.75111
"00002573_Q_500_palm_04.png",0,64,NA,0,0,89.11633,165.17850,120,100054,10,13,7,4,11,9,9,11,2,7,0.41413,0.19127,73,120,0.52500,0.23333,156.00043,0,22,9,13,10,7,3,5,6,8,0.68311,0.26243,171.50744,165.17850,6,10,15,6,8,6,13,18,10,11,0.69418,0.19639,17,19,21,16,20,35,18,21,20,31,0.29118,0.34268,0.56373,232.82046,20,52,23,27,99,49,27,38,0,0,1.16868,0.78873
"00002462_N_500_palm_02.png",0,35,NA,0,0,68.85730,192.91253,62,95850,4,2,5,8,4,7,12,8,4,16,0.52715,0.26680,31,62,0.54838,0.04838,189.41728,0,13,15,9,5,7,10,7,3,1,0.73330,0.16589,198.45059,192.91253,19,13,9,10,9,12,4,10,4,0,0.55669,0.23173,28,16,11,16,21,22,18,20,14,10,0.20515,0.25802,0.40516,163.28003,14,22,6,23,43,22,25,32,0,0,1.42373,1.30445
"00002645_S_500_slap_10.png",0,20,NA,0,0,74.43162,189.07105,81,60482,6,6,6,5,5,3,3,3,1,11,0.48896,0.28253,74,81,0.18518,0.04938,178.37497,0,18,8,5,3,4,5,4,2,0,0.68230,0.21419,193.86674,189.07105,8,9,8,11,6,7,5,1,2,0,0.57166,0.18920,9,7,12,8,13,21,14,17,17,13,0.28114,0.29753,0.43340,113.98635,22,40,10,22,40,27,17,21,0,0,1.18447,1.14786
"00002554_J_500_palm_08.png",0,31,NA,0,0,41.89829,218.75308,95,86568,15,18,7,7,6,4,3,0,0,18,0.46521,0.29727,63,95,0.30526,0,214.31577,0,32,16,9,6,9,4,0,1,1,0.62280,0.27084,222.10889,218.75308,22,12,14,10,14,12,3,2,1,0,0.51952,0.21284,16,13,16,7,23,23,23,24,32,34,0.35967,0.37293,0.38280,143.93442,37,49,15,16,59,36,36,53,0,0,1.26345,1.03418
"00002362_N_500_palm_05.png",0,47,NA,0,0,88.46656,158.93281,83,83796,2,10,7,7,3,4,7,8,1,20,0.54994,0.29397,51,83,0.18072,0.21686,145.17826,0,10,6,16,6,4,8,10,5,4,0.74011,0.19246,166.52030,158.93281,4,6,7,11,5,17,7,11,11,3,0.69638,0.16828,14,28,23,19,29,29,15,10,15,17,0.20877,0.27241,0.52896,189.36850,20,38,17,29,45,28,22,39,0,0,1.22205,0.86038
"00002495_J_500_palm_03.png",0,85,NA,0,0,65.32087,200.08988,63,137419,2,6,4,11,11,10,11,20,30,10,0.48586,0.18178,22,63,0.57142,0.23809,193.16384,0,8,3,2,6,14,7,25,22,28,0.78547,0.21887,203.50880,200.08988,6,8,12,20,17,18,14,14,22,8,0.70011,0.18086,46,35,40,40,27,19,15,23,45,46,0.30718,0.40249,0.55160,312.75721,5,51,28,58,103,53,16,16,0,0,1.09993,1.02002
"00002578_S_500_slap_09.png",0,80,NA,0,0,70.55775,199.38857,75,87749,6,9,6,11,12,4,11,8,2,7,0.42298,0.19527,49,75,0.54666,0.32000,192.81776,0,26,6,5,4,9,4,7,8,7,0.55540,0.38058,201.63502,199.38857,2,1,8,6,3,6,8,12,11,24,0.78253,0.16155,22,19,20,22,25,29,12,21,10,23,0.23054,0.29954,0.60541,230.66130,13,42,56,26,91,60,22,35,0,0,1.13390,0.80224
"00002330_N_500_palm_10.png",0,41,NA,0,0,79.21781,175.64223,88,81262,5,7,8,6,8,6,4,7,6,10,0.46712,0.23566,46,88,0.50000,0.02272,165.61210,0,12,13,9,6,9,10,4,4,0,0.71167,0.20927,175.91599,175.64223,1,10,11,8,24,14,10,5,0,0,0.65343,0.14006,20,21,21,26,26,20,18,9,8,6,0.15152,0.20752,0.48620,160.44626,20,40,23,21,67,53,28,23,0,0,1.08868,0.56106
"00002489_J_500_palm_02.png",0,94,NA,0,0,87.50114,169.45879,56,117068,1,4,7,8,12,8,15,16,23,3,0.45012,0.13148,34,56,0.53571,0.66071,158.93878,0,2,2,3,3,15,6,22,11,33,0.83035,0.12932,172.64241,169.45879,6,1,3,2,4,12,14,8,30,32,0.79797,0.17663,38,43,42,27,33,18,12,18,19,23,0.20839,0.32792,0.69246,328.92097,1,30,11,55,106,34,27,8,0,0,1.06642,0.38876
"00002342_R_500_slap_05.png",0,5,NA,0,0,57.90425,183.54902,237,89903,21,11,3,2,3,2,0,1,1,28,0.56365,0.35273,176,237,0.43881,0,176.27936,0,40,14,4,5,6,1,0,0,2,0.55076,0.31133,187.32582,183.54902,4,15,24,16,10,8,3,1,1,0,0.57141,0.13221,18,16,16,23,41,31,23,23,6,4,0.15705,0.17617,0.38009,142.15568,64,51,8,14,46,15,31,82,0,0,1.39398,1.31146
"00002314_R_500_slap_01.png",0,89,NA,0,0,72.83197,203.72618,81,126981,4,4,9,17,11,13,14,12,14,5,0.42647,0.15065,35,81,0.50617,0.04938,191.49963,0,8,2,11,6,13,17,26,11,9,0.77174,0.19722,205.96387,203.72618,7,14,20,23,26,13,16,4,2,0,0.62344,0.14660,37,24,27,29,29,26,33,23,20,21,0.22350,0.31032,0.43617,237.27775,8,36,15,40,99,43,34,26,0,0,1.18729,0.78742
"00002466_N_500_palm_05.png",0,72,NA,0,0,90.92278,161.70017,40,65619,3,2,11,6,9,5,3,6,2,4,0.41740,0.18224,24,40,0.45000,0.57500,148.14235,0,5,2,6,4,6,8,5,7,8,0.74139,0.24853,166.80934,161.70017,1,1,1,3,1,4,15,6,14,16,0.81380,0.14188,16,12,16,18,12,17,18,7,10,13,0.23191,0.32654,0.67251,182.25157,10,25,26,18,68,48,28,12,0,0,1.08279,0.44349
"00002641_S_500_slap_03.png",0,73,NA,0,0,93.45844,171.86273,60,72823,3,8,4,12,2,6,3,12,6,3,0.41812,0.15940,45,60,0.65000,0.51666,164.66956,0,10,4,5,2,5,9,4,9,11,0.68881,0.31517,175.69009,171.86273,0,0,1,2,2,6,8,7,14,24,0.85294,0.09104,9,16,24,17,15,19,14,11,12,6,0.19324,0.24767,0.67095,210.67835,7,25,34,15,85,42,18,31,0,0,1.20894,0.75296
"00002445_J_500_palm_03.png",0,79,NA,0,0,73.79305,169.89146,88,104028,3,8,10,13,4,12,3,17,10,9,0.45746,0.20088,32,88,0.57954,0.19318,160.51325,0,10,4,7,7,8,13,16,14,10,0.77751,0.17775,171.76078,169.89146,4,4,2,12,13,5,17,17,14,10,0.73910,0.16570,19,21,17,29,30,31,23,26,29,29,0.29721,0.36484,0.57863,254.59973,8,33,12,46,85,46,34,25,0,0,1.16610,0.66268
"00002591_S_500_slap_01.png",0,74,NA,0,0,90.80756,136.96916,68,98013,2,5,16,13,10,18,6,12,2,4,0.40212,0.14312,38,68,0.57352,0.77941,117.50304,0,4,3,5,3,13,13,13,16,18,0.80535,0.15937,148.34220,136.96916,1,1,3,2,6,3,3,11,19,52,0.86123,0.11770,26,39,17,17,15,14,28,15,29,25,0.27848,0.35406,0.72782,304.23189,11,53,60,43,83,67,39,24,0,0,1.07567,0.52553
"00002559_S_500_slap_05.png",0,6,NA,0,0,59.98364,203.69387,221,104599,15,20,9,7,5,2,1,1,1,23,0.49578,0.31331,136,221,0.43438,0.03167,196.14658,0,43,17,9,2,3,5,1,1,3,0.60037,0.27644,207.49866,203.69387,11,15,21,11,9,11,3,9,4,3,0.58505,0.19602,8,8,14,17,21,33,44,44,15,25,0.29050,0.29195,0.39080,171.56422,50,73,25,26,57,28,44,85,0,0,1.27763,0.99317
"00002361_J_500_palm_09.png",0,19,NA,0,0,19.35256,236.04145,82,101520,19,18,12,4,6,5,3,3,1,19,0.45332,0.29009,63,82,0.56097,0,234.03508,0,53,19,6,5,3,2,1,0,1,0.56631,0.28799,236.13709,236.04145,33,29,18,9,2,5,2,0,0,0,0.41783,0.17588,8,10,10,26,13,29,29,58,49,45,0.40150,0.34692,0.35045,151.04446,48,57,22,28,76,43,30,67,0,0,1.24769,1.07913
"00002434_N_500_palm_04.png",0,70,NA,0,0,77.80619,182.75071,75,81173,3,6,10,12,2,9,5,9,2,7,0.44000,0.20559,48,75,0.21333,0.24000,174.80663,0,9,9,6,4,3,11,8,6,9,0.74101,0.22431,187.07512,182.75071,5,12,6,4,4,4,5,13,14,9,0.69729,0.21967,19,9,5,10,20,13,20,20,15,15,0.27673,0.31606,0.55897,187.81562,10,41,11,35,67,46,28,16,0,0,1.16533,0.95540
"00002612_S_500_slap_10.png",0,12,NA,0,0,68.10058,172.22620,101,58830,10,7,5,4,3,4,3,0,0,10,0.46251,0.28884,94,101,0.46534,0,162.93324,0,20,7,7,2,1,4,3,1,1,0.62375,0.27365,175.02456,172.22620,9,13,8,11,3,2,4,3,0,0,0.52089,0.18298,3,9,6,7,10,5,18,21,21,22,0.39917,0.36124,0.36233,93.48128,16,24,13,12,41,35,20,42,0,0,1.54381,1.47911
"00002497_N_500_palm_09.png",0,1,NA,0,0,49.26680,224.91177,201,42505,11,10,3,5,5,3,1,2,0,27,0.58827,0.34238,157,201,0.47761,0,201.60362,0,47,8,7,2,0,3,0,0,0,0.54251,0.29496,227.07199,224.91177,34,14,16,7,3,6,3,0,0,0,0.41666,0.20088,0,1,4,3,5,15,32,71,32,19,0.39403,0.26867,0.34647,75.18389,31,53,16,21,36,12,23,53,0,0,1.39046,1.51487
"00002475_S_500_slap_01.png",0,17,NA,0,0,66.92558,171.94617,255,141748,22,24,22,11,4,6,4,2,0,27,0.46186,0.29110,96,255,0.49411,0.01176,160.60417,0,51,18,29,10,7,4,3,0,0,0.59771,0.29149,178.94863,171.94617,10,27,31,28,23,13,5,3,0,1,0.57048,0.14834,11,11,22,32,26,62,72,82,30,32,0.29324,0.31298,0.39772,232.66745,70,92,30,23,113,44,61,113,0,0,1.32483,1.15253
"00002542_Q_500_palm_10.png",0,26,NA,0,0,79.37022,175.61371,78,75846,6,9,7,6,6,3,4,2,0,12,0.47776,0.28125,35,78,0.29487,0.01282,162.51648,0,20,12,9,4,3,2,3,1,1,0.63343,0.26707,181.36133,175.61371,13,10,9,5,10,12,9,1,0,0,0.55442,0.20653,7,12,12,20,20,20,12,11,13,15,0.26195,0.32504,0.38515,121.32405,20,32,24,9,55,25,33,29,0,0,1.19093,0.79064
"00002478_S_500_slap_08.png",0,36,NA,0,0,70.35062,184.30706,164,82375,6,14,7,11,9,4,5,5,1,10,0.43497,0.23428,92,164,0.34756,0.04878,176.56157,0,33,14,9,6,4,1,2,1,2,0.54295,0.32997,187.08524,184.30706,12,10,9,6,12,7,9,8,4,0,0.59640,0.21809,1,13,22,20,16,20,19,33,29,36,0.36978,0.37077,0.46970,162.04716,18,49,36,16,79,50,33,49,0,0,1.29858,1.07016
"00002523_S_500_slap_04.png",0,45,NA,0,0,61.94309,196.67861,127,84406,5,11,9,9,10,4,3,6,1,6,0.40766,0.19981,90,127,0.77952,0.02362,190.94865,0,9,10,20,5,10,4,1,1,4,0.75248,0.10716,205.06099,196.67861,6,8,12,21,14,9,9,4,1,0,0.61639,0.15052,10,16,12,16,27,27,15,24,23,21,0.29673,0.35259,0.44488,160.15734,11,41,26,18,54,37,31,34,0,0,1.21958,0.75715
"00002494_S_500_slap_03.png",0,68,NA,0,0,65.18658,188.61788,53,94943,5,5,14,22,9,10,6,3,4,4,0.39087,0.15110,30,53,0.41509,0.15094,181.94321,0,3,8,15,15,19,15,3,1,3,0.77603,0.09743,194.75098,188.61788,4,5,11,13,10,15,18,11,5,1,0.68019,0.15546,15,37,40,23,23,14,19,25,18,23,0.22589,0.29595,0.50878,200.46198,14,51,16,30,73,51,53,30,0,0,1.19453,0.69175
"00002357_R_500_slap_08.png",0,47,NA,0,0,85.04711,145.78670,140,93391,10,12,11,11,5,4,8,9,2,10,0.42819,0.22548,101,140,0.61428,0.08571,133.20947,0,15,9,14,8,9,8,9,8,2,0.73260,0.19552,154.72311,145.78670,3,5,13,13,11,11,10,19,8,1,0.69056,0.15694,11,23,29,26,17,31,18,23,20,20,0.24214,0.29258,0.53453,206.86671,21,69,16,20,70,53,54,51,0,0,1.25066,0.84813
"00002616_J_500_palm_07.png",0,10,NA,0,0,43.20084,212.44816,158,77272,8,13,10,4,7,1,2,1,0,15,0.48308,0.29911,114,158,0.55063,0,208.26043,0,25,15,9,3,3,1,2,2,1,0.62096,0.26516,214.27331,212.44816,12,13,17,17,9,4,0,0,0,0,0.50697,0.15904,11,18,23,13,22,21,16,20,13,22,0.28058,0.35953,0.38010,123.53532,30,43,13,11,60,30,29,52,0,0,1.35494,1.12645
"00002547_N_500_palm_08.png",0,67,NA,0,0,86.25696,144.34193,61,92485,5,18,10,8,9,4,9,7,7,2,0.38402,0.13359,37,61,0.55737,0.22950,134.07019,0,5,10,7,7,11,11,9,5,14,0.78532,0.13889,152.82974,144.34193,0,8,3,11,16,17,11,11,8,4,0.72036,0.12492,36,23,22,14,18,22,22,13,16,24,0.25217,0.35898,0.54649,214.77297,18,52,21,30,46,30,43,42,0,0,1.18731,0.66943
"00002371_J_500_palm_07.png",0,83,NA,0,0,71.40068,177.65365,72,106927,2,3,9,8,9,13,9,18,9,6,0.44617,0.16896,43,72,0.48611,0.44444,170.25211,0,4,9,8,4,10,14,17,14,6,0.78427,0.15848,182.86471,177.65365,8,2,3,2,10,9,16,12,27,15,0.76389,0.17698,18,22,14,26,31,24,15,11,28,25,0.29444,0.38253,0.62675,278.27859,9,39,26,42,98,56,35,17,0,0,1.12047,0.66685
"00002550_S_500_slap_09.png",0,70,NA,0,0,67.92473,196.59921,29,82641,0,6,7,2,6,9,5,15,9,4,0.45491,0.16597,21,29,0.72413,0.51724,190.46453,0,7,8,6,3,7,8,10,5,9,0.74447,0.22601,199.18058,196.59921,0,5,5,7,7,6,14,8,16,5,0.74401,0.14216,26,21,14,21,15,15,12,9,11,8,0.17356,0.24644,0.53425,190.19586,8,25,40,24,81,54,27,8,0,0,1.04293,0.37691
"00002445_S_500_slap_05.png",0,41,NA,0,0,95.48341,122.60534,93,98780,7,20,12,7,6,4,6,8,1,15,0.45591,0.25839,57,93,0.39784,0.07526,101.46331,0,9,9,9,12,14,14,7,6,6,0.75712,0.17540,125.13397,122.60534,2,4,8,10,11,8,13,11,17,8,0.73610,0.14828,14,29,26,37,34,29,19,18,24,21,0.23107,0.29871,0.56520,233.99610,29,42,13,20,62,42,42,47,0,0,1.26983,0.92588
"00002401_R_500_slap_09.png",0,44,NA,0,0,64.10868,155.94584,67,92356,5,12,16,10,9,12,3,2,1,7,0.40119,0.19723,53,67,0.52238,0.10447,148.00318,0,21,8,9,5,7,9,5,7,6,0.71306,0.21994,165.25395,155.94584,5,13,12,9,9,5,10,10,15,2,0.66395,0.19259,11,15,27,19,19,21,29,17,31,26,0.30812,0.35178,0.50841,195.73982,24,58,18,22,41,42,42,45,0,0,1.16926,0.62641
"00002568_S_500_slap_07.png",0,77,NA,0,0,94.54903,155.07870,62,86484,4,5,8,10,18,7,8,6,4,3,0.39855,0.14482,43,62,0.40322,0.27419,144.70498,0,11,3,8,3,5,6,21,7,9,0.74553,0.23052,162.64172,155.07870,1,4,1,3,4,10,10,6,11,32,0.81535,0.14969,19,27,25,23,15,20,13,13,22,14,0.22662,0.30222,0.67900,244.44192,10,33,28,32,70,80,41,20,0,0,1.13898,0.48122
"00002569_S_500_slap_01.png",0,81,NA,0,0,70.93927,183.77554,90,150966,9,9,17,20,15,20,14,14,10,5,0.39876,0.14070,33,90,0.67777,0.15555,174.71427,0,7,10,17,13,17,17,22,17,13,0.80026,0.08895,185.85130,183.77554,3,1,2,16,21,37,25,23,15,0,0.73956,0.11259,44,41,44,27,25,31,40,30,50,49,0.31160,0.39389,0.56944,359.89034,26,92,23,51,125,58,77,43,0,0,1.13876,0.62589
"00002531_Q_500_palm_09.png",0,28,NA,0,0,81.92023,153.11299,94,79061,7,9,10,4,9,9,1,1,2,15,0.48684,0.28194,73,94,0.43617,0.13829,144.02197,0,9,5,9,6,10,11,6,7,4,0.74538,0.19873,155.54154,153.11299,4,2,7,3,8,14,8,10,13,2,0.71282,0.18580,11,15,12,17,11,19,15,20,21,28,0.34465,0.38220,0.56732,184.94794,27,48,20,22,44,24,23,43,0,0,1.22604,1.00328
"00002516_J_500_palm_05.png",0,59,NA,0,0,56.69754,191.33141,55,86721,5,8,9,10,5,8,9,11,0,8,0.43301,0.20980,29,55,0.56363,0.07272,182.75409,0,15,12,13,9,6,7,3,3,5,0.67859,0.26083,197.26029,191.33141,5,4,5,16,16,15,17,9,1,1,0.67560,0.16690,24,9,18,18,24,28,23,21,12,15,0.22343,0.27910,0.50902,185.79323,10,42,22,28,61,58,38,24,0,0,1.19685,0.75097
"00002439_Q_500_palm_02.png",0,77,NA,0,0,69.34838,193.59366,90,96764,2,7,8,9,13,15,11,11,4,5,0.42140,0.15854,59,90,0.55555,0.20000,186.07694,0,5,3,10,7,13,11,11,9,16,0.79058,0.15981,196.75057,193.59366,1,2,6,4,15,20,21,11,11,2,0.74237,0.10738,15,25,33,24,24,25,27,16,19,24,0.26154,0.35393,0.57944,232.93819,6,40,22,36,84,58,47,22,0,0,1.15221,0.55958
"00002502_S_500_slap_08.png",0,53,NA,0,0,72.89267,184.12144,70,82105,7,9,11,9,6,7,7,6,2,8,0.42700,0.21300,47,70,0.50000,0.12857,177.78207,0,20,13,6,6,6,6,6,4,5,0.71521,0.20677,193.41181,184.12144,5,5,13,5,15,10,11,9,8,0,0.66708,0.16982,5,7,15,23,27,32,24,19,24,21,0.29363,0.34105,0.49913,173.69775,21,39,7,27,70,35,33,27,0,0,1.13347,0.63868
"00002574_S_500_slap_06.png",0,91,NA,0,0,87.99381,164.58940,114,146541,5,7,16,9,22,12,15,24,11,10,0.44191,0.17647,32,114,0.33333,0.48245,149.78563,0,13,6,6,8,14,17,22,18,27,0.76623,0.22638,171.93719,164.58940,8,9,5,4,5,6,9,23,30,48,0.77966,0.20564,67,64,45,23,27,27,9,11,46,35,0.23365,0.34365,0.64276,392.08621,17,76,38,58,144,69,50,38,0,0,1.12702,0.75684
"00002458_S_500_slap_02.png",0,26,NA,0,0,60.93871,192.95970,143,75619,9,12,7,11,4,3,3,2,2,14,0.47045,0.28017,112,143,0.67132,0.09090,183.60591,0,28,8,11,3,5,7,1,0,4,0.56490,0.33501,199.84728,192.95970,5,9,13,10,10,3,7,7,8,9,0.66254,0.19301,7,5,14,14,16,10,12,28,41,34,0.45028,0.42367,0.51684,170.04172,30,44,20,8,70,26,45,40,0,0,1.22611,0.88480
"00002457_N_500_palm_07.png",0,63,NA,0,0,70.80321,151.15689,61,80849,6,13,9,8,7,10,4,4,4,5,0.39892,0.18045,29,61,0.24590,0.59016,137.57951,0,4,6,4,6,12,11,11,5,11,0.79296,0.14768,161.63264,151.15689,3,3,4,5,2,2,8,14,32,11,0.78385,0.17242,24,21,26,19,14,9,11,13,24,22,0.26371,0.33756,0.66815,226.50325,6,45,18,14,49,59,56,43,0,0,1.28876,0.64742
"00002375_J_500_palm_02.png",0,81,NA,0,0,51.13400,208.06671,48,100138,5,6,4,8,9,11,8,16,12,3,0.42705,0.14258,23,48,0.41666,0.56250,203.14969,0,17,0,4,7,8,11,16,11,8,0.65794,0.33808,208.76419,208.06671,2,1,2,6,3,9,9,20,32,7,0.79736,0.13520,46,34,24,23,19,29,6,6,13,6,0.12888,0.21169,0.64626,268.19832,8,33,27,18,90,68,43,20,0,0,1.16167,0.57578
"00002534_N_500_palm_05.png",0,50,NA,0,0,83.50157,162.07147,42,65325,4,10,8,6,3,6,5,1,2,5,0.41172,0.20711,35,42,0.33333,0.16666,149.22279,0,10,1,8,6,6,6,5,4,4,0.73954,0.19760,175.51218,162.07147,0,2,8,16,11,9,6,5,7,2,0.69781,0.11975,6,11,14,12,21,21,17,15,9,13,0.25244,0.32196,0.50706,141.47158,9,39,11,25,43,34,22,23,0,0,1.17286,0.81082
"00002559_J_500_palm_02.png",0,54,NA,0,0,47.99241,210.00724,130,78875,9,17,14,18,10,5,7,5,3,13,0.42810,0.22913,57,130,0.29230,0.01538,190.34429,0,27,23,16,12,7,11,4,0,1,0.72632,0.11892,213.13883,210.00724,12,15,16,20,17,17,13,6,1,0,0.59800,0.18320,30,26,24,31,29,32,37,30,30,26,0.26099,0.33190,0.52216,179.62367,33,53,20,30,80,58,44,40,0,0,1.18031,0.82119
"00002399_J_500_palm_08.png",0,58,NA,0,0,59.54876,199.43786,121,86651,7,9,10,6,7,5,7,10,1,8,0.43105,0.21739,90,121,0.19834,0.14876,194.72976,0,25,9,10,6,3,4,7,1,5,0.61211,0.31260,204.28538,199.43786,8,14,4,13,4,4,6,10,13,14,0.67714,0.22133,21,21,22,28,22,27,20,15,15,11,0.18986,0.24699,0.56333,203.92767,25,42,27,22,92,55,24,29,0,0,1.10901,0.69183
"00002649_S_500_slap_08.png",0,51,NA,0,0,77.90390,143.00842,113,108982,6,17,20,12,8,6,4,4,2,19,0.46491,0.26811,43,113,0.46017,0.23893,129.26302,0,28,9,15,10,9,10,11,4,2,0.64081,0.29928,153.16412,143.00842,4,13,8,10,6,11,4,10,16,30,0.73427,0.20138,26,25,25,21,24,28,16,22,17,15,0.20447,0.27747,0.59524,273.81097,21,74,51,13,131,63,42,44,0,0,1.16477,0.84287
"00002439_Q_500_palm_03.png",0,91,NA,0,0,75.53252,180.10368,73,110588,2,9,12,6,9,10,15,15,11,5,0.43028,0.15721,39,73,0.68493,0.16438,171.63967,0,4,6,9,9,13,18,12,9,14,0.79693,0.13013,188.88130,180.10368,3,7,8,9,7,22,19,20,15,2,0.72114,0.15971,24,35,29,31,33,25,15,17,28,33,0.26375,0.33908,0.55210,257.27920,14,33,16,46,98,51,50,30,0,0,1.16939,0.57428
"00002502_S_500_slap_09.png",0,31,NA,0,0,79.81343,158.36897,80,75170,14,6,6,13,3,4,3,5,0,9,0.42512,0.24288,59,80,0.67500,0.05000,148.13128,0,19,10,5,5,4,11,4,1,4,0.70312,0.21836,169.48889,158.36897,5,6,9,13,12,4,8,3,5,9,0.66472,0.18521,8,15,12,21,16,21,13,24,16,36,0.36959,0.40333,0.50480,160.52921,23,51,19,13,42,30,29,49,0,0,1.33301,1.17123
"00002424_R_500_slap_01.png",0,87,NA,0,0,79.24316,189.93147,87,172339,3,11,9,7,14,20,19,30,17,9,0.45029,0.16553,24,87,0.26436,0.22988,182.80431,0,10,4,13,16,11,19,25,16,25,0.78058,0.18666,192.66081,189.93147,8,10,15,26,18,15,17,22,13,12,0.69280,0.16839,49,41,40,41,36,52,31,28,44,32,0.24033,0.32032,0.48922,354.19534,21,55,22,80,152,50,39,13,0,0,1.01655,0.43007
"00002356_N_500_palm_05.png",0,55,NA,0,0,90.77799,159.59882,90,93810,2,11,5,14,10,13,6,12,8,9,0.44887,0.19944,59,90,0.27777,0.03333,131.45095,0,6,6,8,11,19,10,13,7,10,0.78144,0.15286,161.79859,159.59882,2,3,9,13,17,20,16,18,1,0,0.69974,0.13619,35,33,22,30,12,24,22,27,29,30,0.26719,0.32701,0.55521,224.30555,35,30,18,27,43,16,32,27,0,0,1.12933,0.81020
"00002376_R_500_slap_05.png",0,57,NA,0,0,90.08302,157.65366,96,122105,5,13,5,13,15,8,12,13,4,12,0.44862,0.21433,51,96,0.27083,0.03125,147.19647,0,18,8,10,15,10,9,12,12,6,0.75205,0.16759,166.99807,157.65366,12,13,10,16,17,20,11,9,7,0,0.62894,0.18935,20,23,18,27,33,35,17,26,28,36,0.30087,0.35752,0.44422,223.89070,33,54,20,30,80,36,40,34,0,0,1.16149,0.96847
"00002641_J_500_palm_04.png",0,44,NA,0,0,73.07533,164.09703,102,80835,6,2,4,6,7,11,6,9,10,10,0.48669,0.22604,73,102,0.37254,0.10784,150.61426,0,14,7,6,6,5,7,7,12,7,0.73491,0.21593,167.99743,164.09703,6,7,6,13,9,7,6,9,12,3,0.67162,0.19165,17,10,10,6,7,13,14,48,30,34,0.43688,0.43241,0.54005,181.45975,14,38,22,20,85,34,29,22,0,0,1.13929,0.74561
"00002401_R_500_slap_08.png",0,62,NA,0,0,62.01101,172.58325,52,89507,6,10,16,8,14,10,6,4,2,3,0.37557,0.13787,33,52,0.50000,0.19230,164.80446,0,9,8,9,10,11,10,12,6,4,0.77086,0.13799,175.19461,172.58325,5,3,10,11,12,7,9,9,13,4,0.70036,0.16600,21,17,20,21,26,16,28,29,26,22,0.27336,0.32577,0.54557,210.04605,11,61,13,35,58,45,42,37,0,0,1.18820,0.69832
"00002368_J_500_palm_10.png",0,24,NA,0,0,59.87436,168.73863,154,69834,19,9,8,4,2,1,1,1,0,15,0.46926,0.30982,120,154,0.40909,0.05844,159.49822,0,23,10,7,8,5,5,2,0,0,0.63362,0.27105,171.51479,168.73863,3,6,11,6,11,13,9,1,4,2,0.65150,0.16613,18,11,20,12,12,18,18,21,7,14,0.21951,0.27662,0.51358,152.53527,32,52,28,10,48,25,29,46,0,0,1.20153,1.04377
"00002528_N_500_palm_05.png",0,65,NA,0,0,81.17757,154.33630,78,101240,5,15,11,15,7,7,2,6,5,13,0.44858,0.24122,47,78,0.48717,0.25641,140.11790,0,7,9,18,12,13,10,8,7,2,0.74473,0.19036,161.64106,154.33630,8,3,4,9,12,12,18,10,10,18,0.72600,0.19329,37,21,21,22,23,30,11,25,16,17,0.21304,0.29055,0.60958,252.97832,26,52,32,20,79,47,42,42,0,0,1.17731,0.74818
"00002325_N_500_palm_08.png",0,38,NA,0,0,67.41001,198.61766,125,125629,8,17,14,6,6,6,8,3,1,22,0.49707,0.29005,55,125,0.32800,0.11200,192.86619,0,32,10,10,15,9,6,0,4,5,0.67170,0.24542,201.24246,198.61766,34,12,10,9,9,11,12,6,10,1,0.54507,0.24512,8,21,14,31,24,22,19,43,53,47,0.37998,0.35440,0.38927,202.81085,36,53,24,22,77,28,28,51,0,0,1.19254,0.89194
"00002420_R_500_slap_04.png",0,65,NA,0,0,79.68896,184.19079,76,92625,5,11,8,9,9,4,8,11,3,7,0.42639,0.19942,47,76,0.38157,0.18421,175.13073,0,13,10,12,9,10,8,5,5,3,0.70618,0.23341,188.84263,184.19079,10,9,9,4,4,18,11,10,9,1,0.65095,0.20541,10,15,15,19,20,26,33,29,17,13,0.25288,0.27282,0.47869,191.00035,11,57,29,18,88,50,28,29,0,0,1.11259,0.60977
"00002319_R_500_slap_09.png",0,63,NA,0,0,66.77992,210.96479,96,103955,4,7,8,9,9,12,11,9,5,5,0.42101,0.16662,39,96,0.64583,0,202.79926,0,17,13,20,9,8,3,2,5,2,0.66151,0.27062,214.10665,210.96479,12,21,19,24,12,7,0,0,1,0,0.52569,0.15002,8,14,17,13,16,17,27,32,26,42,0.40355,0.41215,0.33784,154.05485,8,36,44,22,127,57,34,19,0,0,1.10343,0.54782
"00002571_S_500_slap_10.png",0,86,NA,0,0,72.55242,199.59804,52,107728,1,2,6,14,14,7,10,11,9,6,0.44688,0.17495,33,52,0.32692,0.50000,192.95874,0,8,3,3,2,7,9,7,12,29,0.77370,0.24554,202.78792,199.59804,3,3,5,8,6,7,15,7,25,18,0.77605,0.15101,22,23,33,40,13,13,21,21,19,19,0.23356,0.32630,0.57937,263.61525,4,30,20,45,81,50,18,10,0,0,1.07105,0.60341
"00002321_R_500_slap_07.png",0,3,NA,0,0,55.70791,201.37614,175,77641,12,13,6,8,5,3,3,2,0,16,0.47604,0.29563,114,175,0.58857,0.02285,193.78146,0,30,10,10,3,6,4,1,2,2,0.64588,0.24497,207.22818,201.37614,15,18,14,10,7,6,8,1,1,0,0.52508,0.19758,1,4,6,17,18,19,32,36,32,34,0.40128,0.34707,0.39236,132.22695,33,49,22,13,41,29,31,56,0,0,1.35341,1.32998
"00002488_S_500_slap_03.png",0,84,NA,0,0,70.06822,193.19509,82,121084,4,4,7,13,12,13,18,19,13,3,0.42382,0.12575,27,82,0.59756,0.12195,186.03998,0,16,7,7,7,12,16,16,16,9,0.71255,0.27102,193.29651,193.19509,6,9,14,12,10,19,19,23,7,2,0.68895,0.16277,30,30,31,32,30,23,20,36,43,39,0.30055,0.36543,0.53350,262.48444,11,68,44,39,139,54,27,31,0,0,1.06723,0.53832
"00002423_J_500_palm_02.png",0,68,NA,0,0,53.21447,212.57173,42,81775,0,4,5,6,7,12,6,14,10,8,0.47740,0.19836,23,42,0.61904,0.33333,208.13081,0,9,3,5,4,13,6,17,5,10,0.72774,0.26156,216.40796,212.57173,2,2,7,6,7,11,14,15,17,2,0.74549,0.14751,32,34,27,21,11,17,12,10,7,11,0.14712,0.22885,0.60307,206.85366,9,27,24,41,84,39,26,15,0,0,1.07944,0.54356
"00002523_S_500_slap_05.png",0,18,NA,0,0,55.07690,206.76422,144,62985,5,20,8,3,4,3,0,2,0,6,0.39218,0.22728,126,144,0.66666,0.00694,200.65560,0,22,10,8,4,3,2,2,0,0,0.61525,0.27032,210.90906,206.76422,6,5,13,5,12,7,8,1,3,0,0.60434,0.18572,10,5,7,8,8,14,17,24,13,11,0.29809,0.30831,0.42941,111.64647,27,34,13,10,54,21,17,42,0,0,1.39015,1.36668
"00002401_N_500_palm_02.png",0,61,NA,0,0,81.53781,151.54119,32,79817,1,4,9,8,11,7,15,10,4,3,0.41728,0.13835,19,32,0.43750,0.31250,137.07660,0,3,4,7,6,12,16,4,7,13,0.80274,0.10869,157.04701,151.54119,2,1,5,9,13,10,12,9,9,8,0.73610,0.15011,14,17,21,20,27,17,6,14,26,30,0.32022,0.38410,0.57705,194.46726,6,40,10,34,35,26,51,24,0,0,1.21629,0.70620
"00001880_plain_500_10.png",0,0,NA,0,0,47.77923,160.13614,156,59424,9,10,4,3,3,3,1,3,0,32,0.63292,0.35152,136,156,0.08333,0.01923,128.85660,0,32,10,10,4,5,1,1,2,3,0.54360,0.33220,166.50429,160.13614,13,16,10,10,10,7,3,5,6,10,0.60098,0.22422,0,9,5,7,13,27,22,47,24,18,0.34917,0.28821,0.44221,118.07238,21,36,5,7,29,9,18,31,0,0,1.37498,1.30729
"00002373_R_500_slap_06.png",0,94,NA,0,0,88.11582,179.70883,156,158046,6,12,9,14,16,15,18,24,18,7,0.42916,0.15272,35,156,0.25641,0.33974,167.05075,0,15,9,7,11,12,13,17,27,28,0.75760,0.23971,184.13012,179.70883,13,8,10,7,10,10,12,22,37,30,0.74396,0.21497,47,42,39,29,33,31,26,47,42,49,0.28809,0.34912,0.62501,418.75917,13,62,46,55,174,91,32,33,0,0,1.09526,0.57609
"00002579_J_500_palm_08.png",0,89,NA,0,0,70.79976,174.17698,59,117018,1,6,9,13,10,14,9,15,17,8,0.45713,0.17886,25,59,0.69491,0.42372,165.99685,0,4,5,2,6,11,16,21,15,22,0.81649,0.12639,176.34476,174.17698,3,3,2,2,6,11,14,15,31,25,0.80287,0.15313,37,36,46,26,24,21,14,21,24,25,0.22399,0.32586,0.69955,348.37790,8,29,12,51,109,54,33,15,0,0,1.10768,0.55463
"00002626_S_500_slap_04.png",0,85,NA,0,0,80.83168,193.91214,45,103787,4,4,6,5,6,7,12,15,18,6,0.46846,0.17546,19,45,0.42222,0.13333,187.91150,0,3,4,5,4,13,11,17,10,16,0.79872,0.16133,195.63986,193.91214,3,9,11,7,10,7,18,16,12,2,0.69863,0.16619,28,22,35,27,18,25,12,20,20,23,0.24351,0.33812,0.49826,214.75031,6,41,9,39,87,32,18,17,0,0,1.12203,0.78466
"00002538_Q_500_palm_04.png",0,76,NA,0,0,93.82431,153.93098,71,116724,1,1,6,13,9,9,8,18,23,4,0.46056,0.14614,36,71,0.60563,0.74647,147.08182,0,6,2,2,2,3,6,18,20,33,0.80866,0.19955,160.92115,153.93098,0,2,0,1,1,3,3,4,9,84,0.90828,0.09198,36,44,27,16,20,15,13,16,17,17,0.18752,0.27091,0.74665,362.12636,1,38,46,29,157,108,23,11,0,0,1.07321,0.34142
"00002435_N_500_palm_03.png",0,82,NA,0,0,75.28560,194.50119,48,84914,2,5,5,8,8,8,9,15,9,4,0.43783,0.15488,28,48,0.45833,0.52083,189.17629,0,15,3,0,5,10,11,9,5,15,0.68050,0.32061,200.05864,194.50119,2,0,4,1,7,7,3,8,20,31,0.82235,0.15214,25,37,29,24,21,10,8,7,20,11,0.18822,0.29845,0.68642,240.24877,5,50,19,27,75,71,27,15,0,0,1.07434,0.41938
"00002392_R_500_slap_04.png",0,83,NA,0,0,87.20479,150.51899,93,120422,2,12,10,15,15,14,12,12,7,9,0.43249,0.18366,31,93,0.54838,0.33333,139.28530,0,7,3,9,11,14,11,20,13,20,0.79289,0.16411,159.40204,150.51899,8,8,8,8,11,7,12,13,32,14,0.72663,0.19624,23,24,24,30,16,23,36,26,39,51,0.37931,0.43728,0.58948,297.10146,18,60,15,44,76,54,54,36,0,0,1.13559,0.52290
"00002409_R_500_slap_02.png",0,61,NA,0,0,74.63300,193.11668,83,125863,3,10,14,13,10,8,8,12,6,12,0.45369,0.21785,42,83,0.38554,0.02409,187.61798,0,12,18,15,10,12,8,13,5,3,0.74572,0.16577,193.23990,193.11668,4,9,27,18,24,13,14,6,1,0,0.63068,0.13797,23,14,34,33,34,33,39,21,27,27,0.25439,0.30791,0.42685,216.84229,16,58,10,34,87,38,43,31,0,0,1.20563,0.86642
"00002497_N_500_palm_08.png",0,3,NA,0,0,33.82806,241.40485,55,25090,8,3,0,1,2,2,0,0,0,10,0.55418,0.35757,49,55,0.47272,0,223.51769,0,14,2,5,2,3,0,0,0,0,0.60463,0.26407,241.33439,241.40485,26,11,11,3,4,3,0,0,1,0,0.38181,0.22160,0,0,0,2,4,9,15,14,10,2,0.33036,0.27573,0.35560,43.02787,8,16,5,4,11,11,4,18,0,0,1.45745,1.34535
"00002392_R_500_slap_10.png",0,76,NA,0,0,77.88622,169.05531,91,117594,12,10,11,11,6,12,9,10,4,8,0.41521,0.19474,37,91,0.36263,0.30769,161.51646,0,10,9,14,9,8,13,11,7,12,0.76558,0.17390,173.65238,169.05531,7,4,10,11,6,17,14,11,13,14,0.71783,0.18292,40,37,41,26,33,26,15,15,16,18,0.18232,0.29326,0.54052,263.23448,18,77,28,32,58,35,47,34,0,0,1.12560,0.72465
"00002544_S_500_slap_03.png",0,95,NA,0,0,85.46395,173.90503,78,138737,0,5,8,11,14,14,16,22,21,6,0.45249,0.14944,31,78,0.55128,0.24359,164.39083,0,8,3,13,10,16,18,15,19,15,0.78859,0.15729,183.95635,173.90503,4,10,15,21,25,15,17,18,11,6,0.68578,0.15596,38,37,50,32,32,35,30,26,20,23,0.19525,0.28368,0.52126,308.06452,2,45,16,59,115,46,35,20,0,0,1.16792,0.75989
"00002445_J_500_palm_02.png",0,66,NA,0,0,80.98899,160.91959,67,96449,2,10,12,2,7,8,10,12,10,11,0.47439,0.22276,35,67,0.25373,0.29850,146.37982,0,10,5,7,3,7,8,15,16,13,0.75447,0.23337,170.70503,160.91959,3,3,5,8,10,10,13,10,26,16,0.76876,0.16197,22,21,22,33,32,17,13,11,28,28,0.27627,0.35725,0.64477,263.71343,16,43,11,35,70,27,28,22,0,0,1.10669,0.66435
"00002573_N_500_palm_08.png",0,51,NA,0,0,80.40918,179.21093,115,84302,4,12,6,12,9,6,4,4,2,12,0.46033,0.25047,81,115,0.51304,0.14782,172.87926,0,31,7,8,7,5,5,1,2,5,0.60555,0.30648,183.35978,179.21093,3,19,9,3,6,4,9,8,9,8,0.65383,0.20785,15,12,21,24,20,16,16,29,18,34,0.31647,0.35554,0.49236,180.20412,23,47,21,17,87,51,39,35,0,0,1.24459,1.12822
"00002493_Q_500_palm_02.png",0,78,NA,0,0,84.58345,168.13570,45,75141,2,5,2,3,8,9,12,12,6,2,0.42610,0.12935,31,45,0.62222,0.86666,158.23668,0,6,2,2,4,4,3,11,11,18,0.77445,0.23642,179.02172,168.13570,0,0,3,0,0,4,6,11,24,27,0.85565,0.08421,11,21,16,20,21,9,12,6,25,25,0.29726,0.35155,0.68447,224.50869,3,24,20,38,92,41,27,14,0,0,1.11329,0.52598
"00002641_S_500_slap_02.png",0,75,NA,0,0,99.23092,161.12060,45,77397,3,6,5,8,8,5,8,10,8,3,0.42468,0.15308,36,45,0.33333,0.48888,152.20069,0,4,5,5,4,5,8,10,12,11,0.77576,0.20582,167.08431,161.12060,0,1,7,2,2,9,5,6,14,25,0.81478,0.13658,15,14,36,26,23,13,10,7,17,13,0.19536,0.26495,0.66499,218.11772,9,36,23,30,73,40,19,7,0,0,1.00893,0.39474
"00002466_N_500_palm_04.png",0,75,NA,0,0,89.24239,168.25996,61,97329,1,5,9,6,10,13,13,15,10,9,0.46611,0.19046,33,61,0.14754,0.22950,136.58674,0,7,4,10,6,9,14,11,18,12,0.79073,0.15542,172.29644,168.25996,10,6,4,6,12,16,14,13,16,12,0.70644,0.20761,12,21,19,16,18,25,26,22,35,43,0.37181,0.40184,0.60302,247.24139,7,47,36,39,94,43,39,15,0,0,1.05276,0.43142
"00002315_R_500_slap_06.png",0,71,NA,0,0,78.95008,177.35198,164,161847,15,18,13,14,22,5,11,21,6,12,0.42012,0.19496,51,164,0.42682,0.15853,165.53972,0,20,15,21,12,18,20,19,6,6,0.73006,0.21149,181.97078,177.35198,6,12,15,19,18,20,9,20,17,22,0.71328,0.17434,56,53,34,41,32,39,44,39,37,38,0.24327,0.31894,0.55573,373.45162,22,84,31,54,122,96,64,56,0,0,1.17827,0.67284
"00002396_R_500_slap_01.png",0,33,NA,0,0,87.59966,142.81793,255,191430,39,20,20,21,15,10,11,5,3,23,0.41696,0.24176,92,255,0.59607,0.01960,126.67690,0,57,29,26,16,8,13,7,6,5,0.67228,0.22849,149.65791,142.81793,19,20,26,32,19,18,30,13,6,2,0.61721,0.19090,49,58,57,52,45,50,49,58,39,38,0.22633,0.29512,0.45425,352.04729,61,116,23,38,102,59,91,133,0,0,1.30425,0.92870
"00002489_J_500_palm_03.png",0,71,NA,0,0,85.31512,166.59132,73,92713,0,8,4,3,14,7,9,15,15,3,0.44739,0.14344,47,73,0.78082,0.46575,158.54099,0,7,2,6,5,2,6,11,13,26,0.79931,0.19642,172.35291,166.59132,4,2,5,2,8,5,15,15,18,17,0.77031,0.18165,22,12,19,18,17,27,14,18,27,45,0.39136,0.44044,0.66430,265.72090,9,21,12,34,95,41,24,11,0,0,1.08263,0.41460
"00002564_S_500_slap_09.png",0,0,NA,0,0,62.72412,189.36357,255,81478,17,16,5,4,2,2,0,0,0,19,0.49243,0.32867,172,255,0.36078,0,182.51058,0,47,9,0,4,2,1,2,0,0,0.56363,0.27342,193.28210,189.36357,26,19,15,4,4,2,2,1,0,0,0.41911,0.18026,1,0,0,1,5,9,16,69,47,46,0.53374,0.29914,0.31302,107.05551,48,51,10,11,60,16,20,71,0,0,1.39230,1.27834
"00002644_S_500_slap_01.png",0,82,NA,0,0,103.04487,137.77246,70,165156,2,9,12,14,15,18,22,24,11,13,0.45409,0.18793,25,70,0.35714,0.62857,119.44157,0,5,1,8,7,6,19,27,31,36,0.82500,0.13043,146.03107,137.77246,1,5,4,3,5,5,15,16,35,70,0.84472,0.12634,70,83,55,41,23,21,23,25,30,23,0.17225,0.27181,0.68684,474.61169,17,57,29,44,88,50,73,58,0,0,1.19891,0.55610
"00002633_S_500_slap_09.png",0,72,NA,0,0,86.86550,153.34021,108,92083,6,10,7,15,6,13,7,7,0,12,0.44818,0.23366,58,108,0.53703,0.30555,137.97325,0,23,2,10,12,12,8,4,9,3,0.63075,0.32347,160.44139,153.34021,2,3,3,6,13,12,10,20,13,10,0.75990,0.14833,22,15,26,20,35,22,26,31,19,18,0.24622,0.31987,0.60744,240.54842,23,71,51,19,85,38,43,55,0,0,1.15760,0.78726
"00002310_R_500_slap_05.png",0,43,NA,0,0,69.67667,169.49359,115,77754,10,12,13,5,2,0,4,4,2,10,0.43492,0.25886,71,115,0.49565,0.13043,157.96872,0,16,12,6,7,6,5,2,4,4,0.70154,0.21878,175.56978,169.49359,5,8,11,10,7,9,5,6,11,1,0.64952,0.18833,13,18,17,22,20,19,16,11,10,16,0.21592,0.26971,0.46804,152.58234,21,37,26,13,71,34,34,47,0,0,1.35627,1.16130
"00002495_J_500_palm_02.png",0,74,NA,0,0,60.92606,206.95389,40,101472,1,3,3,12,7,11,7,11,23,1,0.44650,0.11650,27,40,0.62500,0.20000,200.24857,0,5,2,5,2,5,12,13,13,22,0.79805,0.19009,213.56052,206.95389,9,3,7,8,16,14,16,11,18,10,0.71171,0.19745,34,20,19,24,20,10,23,13,33,30,0.30909,0.39125,0.58817,259.38379,3,36,19,34,78,39,27,9,0,0,1.04645,0.35867
"00002494_J_500_palm_04.png",0,32,NA,0,0,63.18789,197.12768,76,71086,4,6,5,8,6,4,7,8,3,8,0.46141,0.22657,55,76,0.38157,0.01315,190.41387,0,18,11,6,10,7,4,0,0,3,0.66219,0.24975,199.78018,197.12768,14,17,11,9,7,5,2,1,0,0,0.49015,0.18476,1,4,11,13,15,29,23,28,22,15,0.31941,0.31535,0.38320,116.87754,20,36,10,15,46,30,29,33,0,0,1.22376,0.83192
"00002362_N_500_palm_04.png",0,57,NA,0,0,82.30358,181.95665,86,106122,7,5,15,6,8,9,12,6,4,13,0.46382,0.23784,48,86,0.16279,0.15116,169.85336,0,20,7,13,7,9,4,9,6,10,0.71207,0.23925,183.94331,181.95665,11,14,17,10,2,6,5,11,16,10,0.64299,0.22665,21,19,16,10,18,37,23,24,38,43,0.36718,0.38333,0.48858,213.99806,17,34,16,26,61,49,44,39,0,0,1.25174,0.76561
"00002494_J_500_palm_10.png",0,15,NA,0,0,69.75523,170.94193,106,65749,5,8,3,6,4,4,1,4,1,16,0.54690,0.30821,79,106,0.43396,0.10377,157.70582,0,15,11,9,5,6,2,2,2,0,0.65050,0.26195,181.31603,170.94193,8,9,13,15,1,8,3,4,3,3,0.58772,0.20045,0,4,7,10,22,20,12,36,19,11,0.32535,0.31731,0.41828,117.11972,14,23,11,17,40,19,18,38,0,0,1.34829,0.94862
"00002624_Q_500_palm_07.png",0,73,NA,0,0,65.25403,201.98113,66,92447,1,7,5,6,9,11,9,11,13,3,0.43554,0.14179,32,66,0.54545,0.03030,195.27595,0,11,5,10,7,5,10,11,11,5,0.70340,0.27988,203.29693,201.98113,2,11,8,15,16,12,16,6,2,0,0.66129,0.13808,16,18,39,34,27,30,13,17,12,14,0.19345,0.29523,0.48904,191.70419,12,37,12,21,68,55,33,17,0,0,1.15980,0.63430
"00002523_J_500_palm_03.png",0,60,NA,0,0,43.88488,218.68670,57,73226,3,5,5,5,10,2,8,12,3,10,0.48645,0.23423,38,57,0.56140,0.01754,214.06327,0,11,9,8,6,8,9,6,4,2,0.71942,0.21850,222.14763,218.68670,10,7,12,18,6,10,6,5,1,1,0.59077,0.19359,9,13,14,12,21,16,22,18,22,13,0.28009,0.32391,0.43788,137.05815,11,28,6,23,58,36,22,12,0,0,1.10494,0.53543
