File name;NFIQ2 score;UniformImage;EmptyImageOrContrastTooLow;FingerprintImageWithMinutiae;SufficientFingerprintForeground;FDA_Bin10_0;FDA_Bin10_1;FDA_Bin10_2;FDA_Bin10_3;FDA_Bin10_4;FDA_Bin10_5;FDA_Bin10_6;FDA_Bin10_7;FDA_Bin10_8;FDA_Bin10_9;FDA_Bin10_Mean;FDA_Bin10_StdDev;FingerJetFX_MinCount_COMMinRect200x200;FingerJetFX_MinutiaeCount;FJFXPos_Mu_MinutiaeQuality_2;FJFXPos_OCL_MinutiaeQuality_80;ImgProcROIArea_Mean;LCS_Bin10_0;LCS_Bin10_1;LCS_Bin10_2;LCS_Bin10_3;LCS_Bin10_4;LCS_Bin10_5;LCS_Bin10_6;LCS_Bin10_7;LCS_Bin10_8;LCS_Bin10_9;LCS_Bin10_Mean;LCS_Bin10_StdDev;MMB;Mu;OCL_Bin10_0;OCL_Bin10_1;OCL_Bin10_2;OCL_Bin10_3;OCL_Bin10_4;OCL_Bin10_5;OCL_Bin10_6;OCL_Bin10_7;OCL_Bin10_8;OCL_Bin10_9;OCL_Bin10_Mean;OCL_Bin10_StdDev;OF_Bin10_0;OF_Bin10_1;OF_Bin10_2;OF_Bin10_3;OF_Bin10_4;OF_Bin10_5;OF_Bin10_6;OF_Bin10_7;OF_Bin10_8;OF_Bin10_9;OF_Bin10_Mean;OF_Bin10_StdDev;OrientationMap_ROIFilter_CoherenceRel;OrientationMap_ROIFilter_CoherenceSum;RVUP_Bin10_0;RVUP_Bin10_1;RVUP_Bin10_2;RVUP_Bin10_3;RVUP_Bin10_4;RVUP_Bin10_5;RVUP_Bin10_6;RVUP_Bin10_7;RVUP_Bin10_8;RVUP_Bin10_9;RVUP_Bin10_Mean;RVUP_Bin10_StdDev
FVC2000_Db1_10_8.bmp;54;9;8;8;2;7;14;4;5;9;15;0.49042;0.26013;21;21;0;0;163.18;0;7;2;8;5;10;10;11;14;14;0.75622;0.23674;181.58;179.34;0;1;3;4;2;2;9;6;18;36;0.84872;0.12048;33;22;21;23;17;18;5;8;9;8;0.14586;0.23353;0.81892;183.44;8;31;26;41;82;65;22;25;0;0;1.2283;1.0691
FVC2000_Db1_100_1.bmp;3;10;7;10;2;3;4;1;6;4;34;0.62059;0.33334;0;0;-1;-1;221.53;0;43;16;8;6;3;2;2;0;1;0.56053;0.30396;224.41;224.46;13;29;21;13;1;2;2;0;0;0;0.45976;0.15134;1;3;11;11;15;43;49;56;24;12;0.29109;0.24676;0.32769;43.91;37;26;10;18;38;11;14;33;0;0;1.3377;1.6025
FVC2000_Db1_100_2.bmp;4;20;3;1;3;2;6;4;3;1;38;0.62502;0.36231;0;0;-1;-1;221.14;0;43;17;7;4;5;3;1;1;0;0.59215;0.27606;227.2;226.82;13;25;23;12;4;2;2;0;0;0;0.48418;0.14067;1;2;5;11;28;38;49;60;21;10;0.27852;0.21211;0.35919;44.181;37;37;13;13;37;20;17;39;0;0;1.3924;1.72
FVC2000_Db1_100_3.bmp;4;22;3;4;9;2;6;4;1;0;30;0.55675;0.34689;0;0;-1;-1;228.49;0;41;14;8;6;5;5;1;1;0;0.61252;0.26266;232.65;232.05;18;21;16;11;8;5;2;0;0;0;0.47225;0.17978;0;4;8;11;21;30;43;63;27;18;0.32912;0.27241;0.34439;81.965;37;32;11;16;43;27;16;40;0;0;1.4614;1.8244
FVC2000_Db1_100_4.bmp;12;26;4;5;5;4;2;7;2;2;24;0.50447;0.3331;0;0;-1;-1;224.31;0;37;15;11;9;3;3;2;0;1;0.61005;0.27302;229.73;229.17;14;22;17;12;9;5;1;0;1;0;0.49998;0.15847;0;4;1;11;28;38;50;55;24;13;0.29131;0.23506;0.35638;44.548;35;22;5;17;44;21;17;41;0;0;1.3002;1.1397
FVC2000_Db1_100_5.bmp;35;13;8;5;8;7;9;5;5;2;19;0.49704;0.28983;0;0;-1;-1;201.78;0;26;7;19;5;10;6;4;2;2;0.70297;0.191;207.18;206.24;2;16;17;14;14;11;5;2;0;0;0.59492;0.13362;4;3;8;23;29;46;45;33;17;16;0.25369;0.23899;0.46288;91.187;23;22;5;28;64;35;19;24;0;0;1.256;1.0528
FVC2000_Db1_100_6.bmp;21;16;7;8;6;7;6;4;5;2;20;0.4974;0.29647;0;0;-1;-1;208.22;0;17;8;17;14;11;5;6;1;2;0.70813;0.20755;209.61;208.52;6;9;20;15;17;10;2;1;1;0;0.58306;0.14828;3;6;15;16;30;44;45;34;20;12;0.24334;0.22496;0.41358;148.48;18;24;9;28;66;35;17;28;0;0;1.358;1.3008
FVC2000_Db1_100_7.bmp;48;24;7;2;8;11;7;3;4;3;12;0.42524;0.25456;3;3;1;0;208.43;0;24;14;10;4;11;7;6;2;3;0.68452;0.23562;209.65;208.54;11;6;14;8;12;11;8;5;5;1;0.60963;0.19599;17;16;23;13;23;30;30;36;19;12;0.23627;0.25323;0.45566;164.49;22;26;4;23;81;30;18;32;0;0;1.2249;0.92733
FVC2000_Db1_100_8.bmp;31;6;4;5;9;4;7;6;9;8;23;0.56074;0.28706;2;2;1;0;194.89;0;20;12;10;6;7;9;5;5;7;0.69977;0.24099;208.41;207.06;7;11;13;18;11;10;6;3;2;0;0.59694;0.15999;15;6;10;14;22;18;41;39;20;30;0.33668;0.35322;0.50837;85.406;18;17;10;35;59;24;21;33;0;0;1.3687;1.2183
FVC2000_Db1_101_1.bmp;59;3;7;8;6;2;3;10;12;17;11;0.49993;0.22386;16;16;0;0;158.7;0;3;2;2;5;8;7;6;11;35;0.83137;0.14452;180.99;178.11;1;0;1;6;2;5;9;6;20;31;0.84093;0.1178;46;21;25;14;13;8;8;6;14;18;0.21263;0.34809;0.80051;187.32;9;10;5;31;101;20;10;12;0;0;1.1737;1.0899
FVC2000_Db1_101_2.bmp;58;1;7;4;7;5;8;7;14;20;8;0.48996;0.19315;21;21;0;0;151.12;0;3;0;5;1;2;15;11;16;28;0.83207;0.14178;173.21;169.5;0;1;1;1;6;3;1;10;27;31;0.85663;0.097301;26;28;26;22;18;11;12;5;15;13;0.18297;0.27328;0.80789;185.82;7;24;6;45;81;26;15;11;0;0;1.078;0.49531
FVC2000_Db1_101_3.bmp;51;6;4;9;7;5;4;6;12;12;16;0.51936;0.25645;8;8;0;0;164.42;0;7;2;7;3;6;7;8;11;30;0.80081;0.19321;190.02;186.79;0;2;4;8;2;2;4;12;22;25;0.82069;0.13103;29;27;27;21;14;8;12;5;15;11;0.17784;0.27407;0.7918;173.4;7;6;5;50;61;20;15;22;0;0;1.1805;0.61831
FVC2000_Db1_101_4.bmp;44;5;1;4;4;8;3;7;11;16;22;0.58545;0.27004;10;10;0;0;177.41;0;11;2;5;3;8;9;11;10;22;0.76417;0.22607;200.68;198.3;2;5;7;4;3;7;6;10;22;15;0.77083;0.16778;17;32;15;15;12;10;10;13;20;13;0.25726;0.3567;0.75476;168.31;16;21;7;41;75;18;14;17;0;0;1.1829;1.2264
FVC2000_Db1_101_5.bmp;60;1;6;5;7;3;8;10;8;19;12;0.51543;0.2235;19;19;0;0;173.13;0;4;0;1;1;7;9;14;15;28;0.82236;0.16817;188.23;185.09;0;0;2;2;1;7;5;14;15;35;0.85287;0.089017;18;33;32;17;11;16;18;13;12;13;0.19754;0.28035;0.78075;224.86;5;20;10;34;82;31;19;11;0;0;1.1542;0.73245
FVC2000_Db1_101_6.bmp;55;3;3;7;4;6;3;14;14;21;6;0.48974;0.18288;23;23;0;0;176.03;0;2;0;3;9;4;9;9;16;29;0.82997;0.13911;187.51;185.06;0;0;1;2;1;5;6;9;16;41;0.86915;0.082228;44;23;37;19;11;12;9;6;15;11;0.16953;0.28037;0.80602;231.33;7;23;12;43;94;24;5;6;0;0;1.0144;0.51275
FVC2000_Db1_101_7.bmp;62;4;6;7;10;7;6;7;14;11;9;0.46662;0.20764;26;26;0;0;176.86;0;3;2;3;3;7;11;15;11;26;0.81462;0.16571;184.1;181.75;0;1;0;3;2;3;7;13;19;33;0.85626;0.089989;29;29;28;26;23;22;14;9;8;11;0.15516;0.23995;0.77831;252.17;10;22;10;45;94;24;15;17;0;0;1.1152;0.66497
FVC2000_Db1_101_8.bmp;71;7;4;3;7;8;7;11;8;21;5;0.45887;0.17808;16;16;0;0;181.17;0;3;2;5;1;4;7;12;11;36;0.8314;0.14155;193.14;190.73;1;1;1;3;2;6;3;7;19;38;0.85178;0.11762;33;27;31;17;18;12;9;9;13;16;0.19413;0.30435;0.79661;238.19;8;16;9;29;94;23;20;18;0;0;1.1928;0.74795
FVC2000_Db1_102_1.bmp;51;10;5;9;3;7;8;7;6;7;17;0.50083;0.27581;47;47;0;0;161.2;0;14;4;11;7;3;11;12;10;7;0.70495;0.27361;179.52;177.37;4;3;3;4;5;3;6;14;15;24;0.79152;0.17747;23;16;16;16;22;23;11;4;3;4;0.1234;0.16628;0.78188;207.98;19;31;21;33;75;39;25;33;0;0;1.2397;1.0636
FVC2000_Db1_102_2.bmp;39;5;6;7;9;7;8;4;9;6;20;0.53192;0.27835;67;67;0;0;160.78;0;13;8;6;6;8;8;9;9;14;0.74743;0.22209;176.79;173.43;0;1;2;4;6;2;7;15;12;32;0.83827;0.11113;29;10;13;20;20;23;22;6;5;5;0.14448;0.21563;0.77802;217.07;12;35;23;30;87;65;26;23;0;0;1.159;0.647
FVC2000_Db1_102_3.bmp;53;12;3;7;2;8;6;7;6;0;30;0.58804;0.32227;37;37;0;1;173.58;0;19;3;5;6;13;12;6;6;11;0.68511;0.29238;194.2;191.29;0;1;3;4;1;3;8;10;20;31;0.84243;0.11281;24;15;7;24;18;15;15;6;7;6;0.15352;0.21081;0.78562;190.12;27;42;22;25;77;48;24;45;0;0;1.2127;0.87283
FVC2000_Db1_102_4.bmp;51;4;4;12;5;9;7;8;11;10;11;0.47563;0.22525;54;54;0;0;160.39;0;10;4;7;5;6;8;8;13;20;0.74913;0.25448;175.89;172.68;2;5;0;5;4;5;8;7;14;31;0.80702;0.16741;11;11;10;11;21;19;23;9;12;15;0.27906;0.37327;0.76739;221.01;10;23;29;33;90;62;14;22;0;0;1.1966;0.97338
FVC2000_Db1_102_5.bmp;63;12;6;3;13;6;10;5;9;5;12;0.44754;0.24919;42;42;0;0;181.55;0;26;4;6;8;6;8;6;5;12;0.63049;0.33137;194.88;193.02;5;2;3;1;5;5;12;9;19;20;0.78323;0.18228;14;17;19;17;23;28;12;17;7;6;0.17477;0.24217;0.76598;186.9;19;35;26;44;81;53;22;24;0;0;1.1504;0.91219
FVC2000_Db1_102_6.bmp;60;4;9;5;7;8;4;8;8;9;19;0.53436;0.2727;51;51;0;0;178.26;0;19;5;7;10;6;6;12;5;11;0.70007;0.27064;189.39;187.22;0;3;4;5;3;5;9;12;15;25;0.81131;0.13493;24;20;21;23;19;22;15;8;5;4;0.14004;0.22648;0.76307;206.79;13;40;32;28;84;62;21;20;0;0;1.1118;0.65171
FVC2000_Db1_102_7.bmp;54;11;4;9;7;2;7;4;13;7;17;0.50619;0.26956;45;45;0;0;168.83;0;9;7;8;8;4;13;12;6;14;0.75321;0.22237;184.09;181.8;2;1;2;2;5;6;7;13;10;33;0.82855;0.14259;19;16;13;18;24;23;15;10;3;5;0.14118;0.18446;0.80104;194.65;18;28;35;32;84;41;30;24;0;0;1.1224;0.72499
FVC2000_Db1_102_8.bmp;59;5;6;6;10;10;8;4;10;9;13;0.48704;0.23976;61;61;0;0;166.44;0;12;5;13;5;8;5;13;6;14;0.73017;0.24923;180.27;177.5;0;1;4;5;1;8;7;9;15;31;0.82987;0.12163;18;11;17;21;17;21;19;8;7;6;0.17233;0.25614;0.78387;197.53;18;37;39;25;115;50;19;18;0;0;1.087;0.73132
FVC2000_Db1_103_1.bmp;49;4;7;7;8;6;5;8;4;8;22;0.55289;0.28878;28;28;0;0;186.74;0;10;4;6;10;11;9;10;11;8;0.73988;0.2374;200.06;197.41;1;1;6;8;9;5;9;10;19;13;0.76988;0.14735;28;21;14;17;22;22;11;19;10;11;0.18954;0.24984;0.69122;168.66;10;28;6;38;84;29;14;11;0;0;1.0824;0.74905
FVC2000_Db1_103_3.bmp;44;6;7;3;7;5;10;7;12;8;16;0.51168;0.25587;38;38;0;0;181.57;0;8;3;7;4;9;10;12;12;16;0.78959;0.16574;194.16;191.11;1;1;4;6;4;6;8;14;18;19;0.80496;0.13433;33;24;18;19;14;24;14;13;15;8;0.17118;0.22881;0.72663;201.28;5;18;14;41;90;27;25;5;0;0;1.0962;0.76869
FVC2000_Db1_103_4.bmp;48;7;7;5;9;1;8;8;4;9;19;0.53338;0.28088;34;34;0;0;188.08;0;13;5;7;4;7;7;12;10;12;0.71898;0.26783;200.45;197.7;0;3;4;5;9;10;4;13;14;19;0.78973;0.13176;37;21;16;12;15;20;17;8;12;9;0.16601;0.2317;0.70338;184.99;11;25;11;34;67;41;15;15;0;0;1.1389;0.74948
FVC2000_Db1_103_6.bmp;38;5;8;2;2;3;6;5;16;14;20;0.56499;0.2674;23;23;0;0;188.97;0;11;11;4;5;7;9;9;8;17;0.77337;0.17053;202.71;199.97;4;3;4;9;4;7;11;8;12;19;0.75268;0.1805;28;24;13;9;18;22;20;17;13;7;0.19063;0.24191;0.69641;192.91;11;22;11;40;80;22;15;16;0;0;1.1047;0.68018
FVC2000_Db1_104_2.bmp;57;6;7;5;5;13;9;6;8;10;12;0.47531;0.23479;34;34;0;0;205.26;0;9;5;10;8;11;6;13;14;5;0.75492;0.20147;216.15;214.18;1;0;0;4;9;10;7;16;24;10;0.80799;0.10109;22;19;37;38;36;15;14;11;11;12;0.1673;0.25711;0.73542;178.71;14;30;17;34;75;47;36;19;0;0;1.1982;0.98329
FVC2000_Db1_104_3.bmp;59;6;7;3;10;8;13;5;8;8;13;0.48015;0.24231;38;38;0;0;212.88;0;7;8;17;5;7;12;9;7;9;0.75224;0.20025;220.08;218.62;1;4;6;3;7;11;3;18;16;12;0.77197;0.13738;23;25;38;24;24;23;23;7;10;15;0.17838;0.26331;0.68636;172.96;13;31;16;32;69;33;23;19;0;0;1.1616;0.86849
FVC2000_Db1_104_5.bmp;61;8;2;8;7;9;8;6;11;2;20;0.52814;0.2838;36;36;0;0;190.32;0;8;6;10;9;10;7;11;10;10;0.74925;0.2182;202.17;200.11;2;2;4;3;10;6;9;14;19;12;0.78073;0.14942;14;27;35;31;30;26;14;12;9;12;0.16904;0.24881;0.7381;172.72;24;29;14;33;65;37;28;16;0;0;1.0917;0.75429
FVC2000_Db1_104_6.bmp;59;8;1;10;7;5;10;9;7;11;13;0.48762;0.24015;34;34;0;0;181.09;0;5;2;5;6;7;13;8;17;18;0.79394;0.18749;192.94;190.83;1;1;0;4;4;8;5;11;19;28;0.833;0.11897;16;24;28;38;24;19;15;14;14;15;0.20666;0.30701;0.76216;218.74;7;31;11;42;84;36;18;24;0;0;1.2111;1.053
FVC2000_Db1_104_8.bmp;70;6;5;4;5;9;10;8;12;13;9;0.4736;0.20854;41;41;0;0;183.02;0;7;3;8;4;7;16;14;10;12;0.77207;0.20387;191.78;190.08;1;2;2;6;4;7;7;7;14;31;0.81404;0.14777;17;19;27;34;25;17;13;11;8;14;0.18095;0.25584;0.76842;220.54;12;39;10;48;82;50;31;5;0;0;1.0315;0.45282
FVC2000_Db1_105_2.bmp;53;7;7;3;6;8;4;10;8;6;20;0.53595;0.28154;31;31;0;0;145.91;0;4;3;11;8;7;11;11;11;13;0.79573;0.13857;166.32;161.17;0;1;2;3;5;12;8;12;19;19;0.81607;0.10367;34;26;20;29;21;17;5;5;7;4;0.11129;0.17631;0.71788;206.03;14;36;18;32;66;44;24;26;0;0;1.1984;0.87368
FVC2000_Db1_105_3.bmp;61;7;7;5;2;6;7;12;6;11;14;0.50613;0.25108;36;36;0;0;148.8;0;13;2;3;5;7;12;15;7;13;0.75015;0.2285;170.75;166.07;3;3;4;3;5;11;5;11;20;16;0.7753;0.17558;32;25;11;14;15;10;15;11;11;23;0.27598;0.40361;0.70186;195.82;13;28;14;42;69;29;19;17;0;0;1.1423;0.89174
FVC2000_Db1_105_5.bmp;54;6;4;3;7;7;6;4;9;7;15;0.52461;0.26744;14;14;0;1;195.98;0;4;2;3;2;8;13;11;16;9;0.78518;0.19992;213;211.21;5;4;2;3;0;3;6;11;18;29;0.79699;0.19465;28;18;30;25;10;8;4;5;8;9;0.14601;0.23863;0.78453;204.76;7;21;22;29;69;49;24;9;0;0;1.1277;0.69377
FVC2000_Db1_105_6.bmp;53;7;4;3;9;4;8;9;11;5;19;0.53262;0.27587;23;23;0;1;187.45;0;5;3;6;6;7;9;17;11;15;0.78537;0.18772;205.25;201.76;1;0;3;2;9;5;7;8;16;30;0.83039;0.12623;40;19;24;12;24;18;3;8;5;7;0.12607;0.21324;0.77705;209.03;5;31;16;39;78;44;28;18;0;0;1.1206;0.53863
FVC2000_Db1_105_7.bmp;47;5;6;9;6;8;2;7;5;11;20;0.54453;0.27983;25;25;0;0;181.26;0;5;6;7;2;10;12;13;8;16;0.78203;0.18918;199.19;195.53;2;1;0;2;1;11;10;10;17;27;0.827;0.14071;23;20;26;30;21;10;5;4;6;6;0.12268;0.19261;0.78373;213.17;10;24;18;40;85;50;11;20;0;0;1.1069;0.58427
FVC2000_Db1_105_8.bmp;68;10;1;5;7;9;4;8;9;5;19;0.5321;0.27918;25;25;0;1;182.51;0;2;2;3;6;8;9;13;16;18;0.81612;0.13974;201.16;197.93;1;3;4;1;4;6;4;3;24;31;0.8245;0.14693;25;24;31;23;18;9;3;13;9;10;0.16046;0.25241;0.78379;213.97;15;27;7;45;71;45;30;13;0;0;1.1142;0.63981
FVC2000_Db1_106_1.bmp;48;7;8;5;6;7;1;10;7;9;19;0.528;0.27914;36;36;0;0;193.09;0;9;4;11;7;8;15;4;8;13;0.74336;0.23892;206.18;203.83;2;1;7;0;5;4;10;13;16;23;0.80123;0.15903;33;16;23;20;14;24;10;12;10;10;0.17319;0.25176;0.76031;194.64;13;20;22;27;97;50;20;26;0;0;1.2311;0.99434
FVC2000_Db1_106_2.bmp;39;9;13;2;5;2;6;8;7;4;25;0.55262;0.30922;30;30;0;0;186.83;0;28;9;6;3;6;8;7;7;7;0.64544;0.30293;206.54;203.84;9;5;8;6;4;11;9;4;13;12;0.68269;0.23219;36;16;19;15;22;29;19;19;5;8;0.15665;0.20044;0.69292;144.82;27;35;24;22;69;49;27;48;0;0;1.3366;1.3225
FVC2000_Db1_106_5.bmp;40;14;5;15;3;3;4;3;3;9;22;0.52576;0.30426;12;12;0;0;213.47;0;30;7;10;7;5;9;4;2;7;0.60832;0.32055;228.05;226.14;21;2;5;0;7;7;3;6;14;16;0.63911;0.29604;33;19;15;15;21;17;12;20;13;13;0.19974;0.25397;0.70123;152.17;22;33;20;28;109;45;19;39;0;0;1.2067;0.92238
FVC2000_Db1_106_7.bmp;56;13;8;10;3;5;4;6;7;12;11;0.45926;0.24533;22;22;0;1;218.33;0;8;4;14;7;11;9;9;3;14;0.7809;0.14187;228.74;227.08;8;1;1;5;4;6;7;15;13;21;0.7578;0.22312;40;12;18;21;18;13;6;8;10;10;0.16276;0.25792;0.75494;186.47;18;27;22;33;90;49;22;21;0;0;1.1922;1.3287
FVC2000_Db1_106_8.bmp;48;15;6;4;7;5;8;5;3;8;20;0.50958;0.29751;35;35;0;0;211.82;0;22;5;4;9;10;8;4;11;8;0.67016;0.2993;224.54;222.33;10;1;6;4;5;9;7;4;13;22;0.72057;0.24182;34;15;13;11;25;23;14;23;11;13;0.21231;0.2729;0.75081;177.19;16;32;28;30;80;33;31;28;0;0;1.1632;0.73362
FVC2000_Db1_107_2.bmp;45;8;1;5;4;7;9;11;5;8;23;0.56071;0.28999;18;18;0;0;191.96;0;11;5;6;11;5;8;19;9;7;0.78058;0.13986;205.82;203.74;2;1;8;5;9;7;9;14;17;9;0.76227;0.14548;28;30;33;35;34;19;8;12;11;9;0.14685;0.23489;0.73178;154.41;8;26;13;31;79;35;23;28;0;0;1.2577;0.87799
FVC2000_Db1_107_3.bmp;44;10;3;2;7;5;11;5;9;2;27;0.5738;0.31176;12;12;0;0;202.06;0;22;13;9;4;7;8;8;5;5;0.70112;0.22686;212.86;211.42;5;6;11;5;10;7;16;7;10;4;0.68403;0.18143;15;19;34;27;21;37;23;18;15;12;0.19141;0.23085;0.63003;139.24;23;28;13;21;66;29;18;28;0;0;1.2163;1.0135
FVC2000_Db1_107_5.bmp;57;12;10;2;7;6;7;9;10;3;15;0.47596;0.26613;20;20;0;0;224.2;0;12;13;12;9;12;4;10;3;6;0.70739;0.24047;230.38;229.86;2;3;3;7;13;10;7;11;17;8;0.75255;0.14602;27;34;33;26;41;20;11;5;6;10;0.1277;0.19403;0.70921;139.71;17;41;22;43;72;29;19;19;0;0;1.0544;0.63544
FVC2000_Db1_107_7.bmp;56;12;6;11;5;8;4;6;6;9;14;0.47427;0.25863;14;14;0;1;221.27;0;11;11;7;8;6;10;13;7;8;0.74874;0.20163;231.14;230.61;2;3;7;6;5;6;15;12;13;12;0.7556;0.1555;23;32;32;32;25;26;16;6;11;10;0.14947;0.219;0.71995;143.99;20;44;9;31;64;37;27;22;0;0;1.1118;0.70892
FVC2000_Db1_108_1.bmp;27;5;8;5;7;11;3;1;5;1;33;0.62095;0.32509;23;23;0;0;154.18;0;17;14;6;15;5;8;9;2;3;0.66049;0.28381;182.4;178.68;6;5;5;6;4;15;10;8;8;14;0.71766;0.19209;20;14;17;18;24;25;19;11;8;7;0.16809;0.21286;0.67618;135.91;29;29;9;22;49;33;20;30;0;0;1.2497;1.1411
FVC2000_Db1_108_2.bmp;21;7;4;8;5;4;2;6;5;7;33;0.62641;0.32037;44;44;0;0;177.41;0;17;16;6;10;8;7;3;6;8;0.67656;0.27553;196.13;194.16;9;13;4;10;9;7;9;6;9;5;0.63616;0.21471;26;20;19;16;11;16;31;25;21;6;0.22311;0.29163;0.6102;123.87;36;36;10;23;68;28;19;38;0;0;1.2289;1.0688
FVC2000_Db1_108_3.bmp;26;10;5;6;4;4;8;3;4;3;30;0.60185;0.32687;29;29;0;0;169.47;0;20;9;9;7;9;12;4;5;2;0.68356;0.25595;195.64;192.87;4;9;9;8;8;9;9;8;8;9;0.68427;0.18873;25;22;15;14;13;26;18;32;14;9;0.21749;0.27698;0.66097;108.4;22;41;18;15;72;35;23;32;0;0;1.2235;1.0167
FVC2000_Db1_108_4.bmp;39;6;3;4;9;4;5;2;5;6;37;0.6605;0.32035;32;32;0;0;180.4;0;18;7;12;6;6;9;9;8;6;0.66937;0.29769;198;196.12;3;5;2;5;5;7;15;11;17;11;0.75669;0.17373;29;21;34;24;21;17;8;14;10;9;0.15833;0.2333;0.70458;153.6;28;38;22;19;73;43;21;35;0;0;1.2678;1.1793
FVC2000_Db1_108_7.bmp;33;8;7;6;7;6;4;6;5;0;28;0.57955;0.32333;34;34;0;0;175.75;0;26;7;11;8;14;6;0;2;3;0.60767;0.31605;186.67;182.45;6;3;8;7;8;3;14;9;14;9;0.71642;0.19537;24;25;26;24;7;21;13;9;11;9;0.16392;0.23641;0.59385;186.47;18;31;16;22;70;43;26;41;0;0;1.3307;1.1142
FVC2000_Db1_108_8.bmp;27;6;8;6;5;3;4;6;2;4;32;0.6277;0.32459;45;45;0;0;158.67;0;16;10;9;15;6;10;7;2;1;0.65566;0.28773;180.2;175.25;6;5;2;8;10;12;10;7;12;9;0.71541;0.18727;38;23;19;7;13;22;8;14;8;9;0.16951;0.261;0.65275;181.46;27;35;18;21;66;37;18;31;0;0;1.1776;1.0714
FVC2000_Db1_109_2.bmp;23;8;5;5;3;8;2;2;3;3;36;0.65499;0.33863;6;6;0;0;152.21;0;22;9;7;7;5;6;6;9;4;0.61828;0.32754;177.62;173.62;2;3;7;5;13;9;10;5;6;21;0.75747;0.15495;36;28;30;19;19;12;5;4;10;4;0.11807;0.19901;0.66123;169.27;23;41;30;20;70;46;21;54;0;0;1.3814;1.2993
FVC2000_Db1_109_3.bmp;47;9;10;5;5;6;3;10;6;5;20;0.52464;0.28808;39;39;0;0;155.52;0;27;6;8;5;11;7;7;3;5;0.61893;0.3184;177.01;173.16;4;3;7;6;8;10;9;10;10;14;0.73689;0.1814;35;28;21;16;15;15;10;8;11;9;0.16442;0.2693;0.66456;163.48;24;40;29;34;77;40;23;44;0;0;1.1838;0.87912
FVC2000_Db1_109_5.bmp;48;9;10;7;4;5;5;4;3;1;25;0.56052;0.32351;54;54;0;0;151.38;0;14;11;11;8;5;7;8;5;4;0.6849;0.26365;179.52;175.12;1;1;2;8;9;10;9;8;20;13;0.78222;0.13336;28;25;33;25;21;20;8;11;6;7;0.13276;0.20637;0.71014;164.75;12;29;24;9;86;48;28;35;0;0;1.2536;0.83795
FVC2000_Db1_109_7.bmp;35;15;7;8;6;6;3;2;3;0;23;0.53032;0.32399;66;66;0;0;140.64;0;19;7;9;10;5;7;8;5;3;0.64432;0.30452;173.13;168.13;1;0;6;6;5;8;12;16;16;11;0.78117;0.12805;22;23;31;22;34;15;3;6;12;3;0.13097;0.20379;0.68073;153.17;22;36;27;22;89;45;21;48;0;0;1.2821;1.0135
FVC2000_Db1_11_3.bmp;42;9;3;5;9;10;6;7;5;5;22;0.53797;0.2941;7;7;0;0;191.11;0;15;8;8;4;10;6;10;9;11;0.70495;0.27176;203.65;201.83;4;4;9;4;7;8;9;8;10;18;0.73917;0.18539;28;10;9;8;2;17;5;3;6;3;0.13504;0.21737;0.69253;153.74;24;31;24;23;70;64;27;13;0;0;1.1198;0.7971
FVC2000_Db1_11_5.bmp;60;4;6;8;8;7;7;9;7;6;19;0.52656;0.27301;24;24;0;0;166.97;0;9;5;4;11;7;15;9;5;16;0.76579;0.20426;184.67;180.84;1;0;4;2;5;8;11;8;23;19;0.81794;0.1246;16;10;14;4;16;12;3;6;5;8;0.19032;0.27388;0.74021;205.04;11;40;9;29;67;41;20;25;0;0;1.1551;0.80955
FVC2000_Db1_110_1.bmp;2;17;5;4;3;6;4;4;4;0;34;0.59712;0.35095;0;0;-1;-1;229.52;0;52;10;10;6;1;2;0;0;0;0.53556;0.30117;230.73;230.37;27;22;14;8;5;2;2;0;1;0;0.43232;0.18215;2;4;2;11;14;31;46;72;25;18;0.32382;0.24707;0.31975;86.013;28;40;7;15;54;19;34;47;0;0;1.3685;1.1189
FVC2000_Db1_110_2.bmp;9;23;6;6;2;2;3;3;0;2;34;0.58234;0.36441;0;0;-1;-1;218.41;0;50;14;7;2;5;0;1;1;1;0.54217;0.29615;222.41;222.26;19;22;17;10;5;2;3;2;1;0;0.47729;0.17804;3;9;17;26;28;36;41;40;15;9;0.22609;0.21918;0.35409;78.255;40;33;8;21;52;15;16;51;0;0;1.3551;1.3132
FVC2000_Db1_110_4.bmp;18;21;10;6;7;3;3;5;1;3;22;0.49224;0.32016;0;0;-1;-1;211.18;0;38;9;14;7;5;7;1;0;0;0.6016;0.28171;212;211.27;6;16;12;15;15;12;4;1;0;0;0.57838;0.15661;2;7;9;22;38;51;34;30;16;14;0.23412;0.22631;0.41269;148.98;23;25;17;28;46;23;25;41;0;0;1.4779;1.5223
FVC2000_Db1_110_5.bmp;43;9;8;7;12;5;7;5;7;1;20;0.50697;0.28998;0;0;-1;-1;194.98;0;22;13;10;13;9;5;3;5;1;0.69939;0.20735;209.55;208.66;9;17;9;13;12;10;8;1;2;0;0.57375;0.18163;4;19;14;34;31;39;33;23;18;9;0.2076;0.22425;0.50053;76.081;14;42;10;21;59;30;23;26;0;0;1.2141;0.92059
FVC2000_Db1_110_6.bmp;20;14;7;5;4;4;7;7;5;3;25;0.54171;0.3165;0;0;-1;-1;194.52;0;29;12;13;11;7;4;3;2;0;0.68432;0.20282;209.67;209.23;12;20;10;13;11;8;3;2;2;0;0.5441;0.17579;3;11;20;18;31;37;29;40;20;15;0.25231;0.25361;0.48494;70.316;26;29;3;35;53;28;21;21;0;0;1.1258;0.80925
FVC2000_Db1_110_7.bmp;38;21;6;10;3;5;2;5;8;1;20;0.48177;0.30976;0;0;-1;-1;204.29;0;28;13;12;6;6;5;8;2;1;0.65527;0.25396;211.82;211.92;12;11;11;12;15;10;6;3;1;0;0.56998;0.18639;16;12;24;27;35;28;36;27;7;10;0.18578;0.20539;0.49048;89.268;34;44;7;35;64;29;16;26;0;0;1.1381;1.0965
FVC2000_Db1_110_8.bmp;36;19;7;5;5;4;5;6;4;3;23;0.51433;0.3186;2;2;0;0;193.66;0;32;8;11;8;9;5;7;1;0;0.63418;0.27266;206.55;205.49;4;17;11;7;15;12;8;6;1;0;0.61104;0.16909;13;16;21;28;23;29;33;30;15;11;0.20888;0.22431;0.55863;69.829;19;23;14;28;60;51;27;25;0;0;1.2087;0.93003
FVC2000_Db1_12_2.bmp;40;4;4;4;10;5;6;11;6;12;14;0.51365;0.24934;12;12;0;0;186.18;0;10;4;11;11;8;6;7;10;9;0.74769;0.20797;206.17;204.05;9;9;7;8;10;4;8;8;6;12;0.65865;0.22361;13;15;8;9;20;18;16;15;29;57;0.44761;0.42557;0.68638;115.31;14;24;9;36;70;15;12;13;0;0;1.0906;0.8085
FVC2000_Db1_12_4.bmp;32;5;6;6;8;8;6;5;8;9;18;0.52966;0.2713;9;9;0;0;194.94;0;16;3;4;6;10;8;14;7;11;0.73832;0.22414;212.9;211.22;12;4;10;6;11;9;11;5;5;8;0.64125;0.22943;12;3;18;12;17;16;20;25;32;58;0.50219;0.46854;0.69159;98.897;11;32;9;21;61;14;12;23;0;0;1.2211;1.1616
FVC2000_Db1_13_1.bmp;27;7;5;3;4;7;6;7;6;5;31;0.61206;0.31638;6;6;0;0;201.42;0;26;8;5;4;8;6;7;10;7;0.63258;0.32103;215.5;213.61;14;6;5;7;11;6;6;6;11;9;0.64151;0.2519;18;18;18;24;22;26;30;29;19;12;0.22426;0.24544;0.6608;128.86;28;27;3;42;67;25;18;30;0;0;1.2371;1.1311
FVC2000_Db1_14_3.bmp;30;6;4;5;4;3;5;8;6;14;22;0.5786;0.28569;10;10;0;0;175.02;0;16;4;6;6;9;6;5;11;14;0.71589;0.26867;198.04;196.09;8;4;3;10;5;7;12;12;14;6;0.70908;0.20152;16;15;16;26;25;19;12;10;16;15;0.22708;0.31054;0.65661;150.36;8;21;11;36;64;12;17;14;0;0;1.1773;0.93839
FVC2000_Db1_15_1.bmp;58;9;5;7;4;8;13;10;5;7;13;0.47668;0.24774;22;22;0;0;180.91;0;4;4;7;6;14;3;8;10;25;0.81684;0.10881;194.59;191.63;2;0;2;5;6;8;7;13;10;28;0.81547;0.13721;48;31;29;24;19;17;11;10;8;8;0.1271;0.20476;0.77537;194.62;15;26;4;49;83;26;13;19;0;0;1.0792;0.57856
FVC2000_Db1_15_5.bmp;48;7;5;5;7;7;8;9;10;9;10;0.47222;0.22255;30;30;0;0;186.32;0;1;4;10;6;5;11;13;10;17;0.8153;0.10647;212.54;209.16;2;0;0;1;5;10;5;10;19;29;0.83603;0.12106;40;37;43;28;20;13;7;11;5;4;0.099617;0.1649;0.8154;153.29;7;18;12;47;72;34;27;8;0;0;1.0619;0.39555
FVC2000_Db1_16_5.bmp;56;7;6;4;5;6;6;9;7;14;17;0.53063;0.26572;37;37;0;0;186.85;0;12;4;3;5;5;6;14;9;23;0.75887;0.24247;198.7;196.99;2;3;3;3;3;7;6;13;17;24;0.80114;0.15958;26;27;27;27;23;12;15;6;9;15;0.1657;0.24058;0.78046;202.14;9;27;9;42;84;31;18;9;0;0;1.0611;0.52209
FVC2000_Db1_16_7.bmp;45;3;4;7;4;8;6;8;5;6;30;0.61328;0.30381;7;7;0;0;209.81;0;25;12;7;5;6;3;9;9;5;0.67559;0.2641;219.82;218.74;11;9;9;6;6;5;11;8;9;7;0.63361;0.24385;14;20;32;22;16;20;31;35;12;12;0.20767;0.22771;0.62932;123.98;27;24;10;30;70;34;18;26;0;0;1.2063;1.0365
FVC2000_Db1_19_5.bmp;63;15;5;4;8;9;6;3;8;7;16;0.47578;0.28317;20;20;0;0;220.45;0;25;5;8;7;10;8;10;3;5;0.65368;0.29343;229.7;228.96;18;3;2;3;6;6;7;12;10;14;0.6627;0.2692;24;13;24;18;19;34;22;31;17;14;0.22194;0.25011;0.69622;165.7;23;39;19;26;85;39;25;31;0;0;1.2507;1.1216
FVC2000_Db1_2_5.bmp;68;5;7;5;8;3;9;10;6;14;14;0.5033;0.2458;41;41;0;0;173.2;0;11;2;4;5;6;12;11;10;20;0.74956;0.25497;185.21;183.05;1;0;1;2;4;3;8;9;17;36;0.85455;0.10976;38;30;25;20;16;14;8;13;10;8;0.14659;0.23506;0.81028;230.12;9;33;16;40;79;35;27;12;0;0;1.0875;0.64579
FVC2000_Db1_20_3.bmp;46;7;10;8;4;3;3;3;7;5;31;0.60341;0.32226;6;6;0;1;205.91;0;35;10;8;5;7;6;5;5;0;0.58702;0.31961;219.74;218.45;13;11;4;8;5;7;10;16;5;2;0.62248;0.22999;23;22;22;24;22;29;18;25;12;6;0.17099;0.20027;0.61859;118.77;37;45;11;20;71;27;17;41;0;0;1.3336;1.5959
FVC2000_Db1_20_6.bmp;58;8;4;3;6;10;10;10;17;2;11;0.46791;0.22406;36;36;0;0;175.13;0;9;6;7;6;13;6;14;10;10;0.75024;0.21904;189.45;187.25;1;2;3;5;6;4;12;7;11;30;0.80984;0.1427;32;24;20;22;20;16;9;9;6;9;0.14176;0.2189;0.78492;183.67;15;39;25;37;90;43;18;35;0;0;1.1955;0.92574
FVC2000_Db1_21_4.bmp;45;9;5;6;4;1;7;4;9;3;33;0.6198;0.32496;6;6;0;1;202.24;0;22;12;11;5;5;10;11;4;1;0.68336;0.24904;213.77;212.03;6;13;9;10;8;8;12;3;11;1;0.63903;0.18321;13;27;31;33;19;24;16;32;14;11;0.19454;0.24935;0.58308;115.45;29;31;8;27;71;31;15;28;0;0;1.1278;0.79719
FVC2000_Db1_22_1.bmp;46;3;4;5;8;8;4;7;10;8;24;0.57427;0.2861;9;9;0;0;184.77;0;9;3;13;12;8;11;13;6;6;0.76647;0.16075;204.68;202.53;4;4;7;4;10;11;7;5;14;15;0.73409;0.18866;27;27;20;24;18;29;19;15;8;16;0.18891;0.26565;0.76116;125.59;20;24;10;41;62;33;15;21;0;0;1.2698;1.5533
FVC2000_Db1_23_2.bmp;64;2;6;3;9;8;8;7;10;12;16;0.52964;0.25016;30;30;0;0;174.57;0;4;5;6;6;15;10;5;17;13;0.80806;0.10599;193.46;190.06;1;2;2;4;7;6;8;10;14;27;0.81522;0.14162;35;27;12;16;18;23;13;14;5;6;0.142;0.20489;0.79309;175.27;6;30;9;48;82;32;20;13;0;0;1.1472;0.89058
FVC2000_Db1_24_5.bmp;63;8;5;8;4;8;6;6;16;7;13;0.48548;0.24105;32;32;0;0;178.67;0;10;2;9;5;13;10;12;10;10;0.73703;0.24889;193.37;189.4;2;5;2;11;3;7;5;14;13;19;0.76812;0.16994;12;17;20;27;37;30;12;14;11;23;0.23467;0.3178;0.70201;197.27;7;27;19;39;78;30;22;19;0;0;1.1615;0.76278
FVC2000_Db1_25_8.bmp;53;6;7;10;8;4;6;6;9;5;20;0.52534;0.282;51;51;0;0;185.73;0;11;7;9;9;5;9;11;8;12;0.72249;0.26125;199.61;196.68;3;1;4;6;4;3;6;8;16;30;0.80228;0.17056;35;18;7;17;15;27;20;16;12;10;0.18863;0.23421;0.7652;211.96;29;35;22;24;89;52;19;25;0;0;1.1656;0.9816
FVC2000_Db1_27_1.bmp;24;5;4;5;5;2;5;9;8;5;33;0.63661;0.30921;15;15;0;0;196.61;0;16;7;19;7;7;9;9;4;3;0.70863;0.2274;210.9;208.86;14;7;5;9;8;6;9;8;13;2;0.62388;0.2417;15;21;9;18;17;31;30;31;26;21;0.28636;0.31875;0.61856;127.42;19;26;13;20;41;21;18;33;0;0;1.4596;1.6275
FVC2000_Db1_28_2.bmp;57;11;8;4;3;8;6;9;7;12;13;0.48468;0.24903;34;34;0;0;175.41;0;13;4;8;9;7;6;16;8;10;0.71148;0.27202;190.13;188.11;2;5;4;7;3;6;6;12;18;18;0.77335;0.16493;25;34;28;19;25;29;18;3;12;19;0.1783;0.24423;0.74129;186.8;15;28;29;38;100;41;23;26;0;0;1.1541;0.90561
FVC2000_Db1_28_5.bmp;62;7;7;3;9;7;8;5;8;14;13;0.49883;0.24217;48;48;0;0;167.7;0;16;4;5;7;6;10;7;8;18;0.68126;0.31617;186.25;182.41;2;1;3;0;7;9;6;12;19;22;0.81388;0.1399;25;25;17;23;20;21;11;11;16;17;0.21273;0.28381;0.77533;183.75;14;37;20;29;73;42;25;18;0;0;1.1029;0.69311
FVC2000_Db1_28_6.bmp;63;6;8;8;4;7;6;12;11;8;11;0.47442;0.22828;44;44;0;0;170.39;0;12;2;6;1;10;13;11;11;15;0.71755;0.28796;187.12;183.69;0;4;1;2;2;7;8;9;16;32;0.83549;0.12801;36;29;20;25;15;20;9;8;16;15;0.18548;0.2661;0.80873;194.9;13;27;34;29;95;49;23;18;0;0;1.1621;1.0466
FVC2000_Db1_30_6.bmp;52;10;9;4;4;6;9;9;7;11;12;0.47679;0.24115;24;24;0;0;171;0;12;2;6;10;11;7;13;9;11;0.7263;0.26103;185.17;182.91;0;0;2;2;2;4;8;7;19;37;0.86692;0.094323;33;23;25;21;20;11;5;3;11;5;0.12846;0.2111;0.84316;176.22;21;22;43;41;98;61;22;21;0;0;1.1303;0.82044
FVC2000_Db1_33_1.bmp;63;15;6;5;6;4;10;5;10;6;14;0.4739;0.26158;24;24;0;0;200.91;0;23;10;6;7;11;6;9;5;4;0.66611;0.28354;211.58;210.21;4;4;6;9;10;4;9;12;11;12;0.72908;0.1837;19;13;25;20;26;27;22;23;17;11;0.21376;0.25106;0.69723;156.18;25;37;11;45;71;32;20;30;0;0;1.2227;1.255
FVC2000_Db1_36_6.bmp;66;11;6;4;8;8;5;9;10;12;8;0.45144;0.20701;49;49;0;0;167.09;0;8;2;4;6;8;10;11;13;19;0.77845;0.20726;182.44;179.08;1;0;5;1;2;5;9;14;15;29;0.83135;0.13113;20;25;36;26;26;24;7;7;22;14;0.2035;0.28185;0.77866;212.57;6;29;25;51;79;46;16;16;0;0;1.0853;0.57592
FVC2000_Db1_4_1.bmp;27;14;4;3;2;6;7;2;8;7;28;0.58442;0.31715;14;14;0;0;190.73;0;23;5;10;5;2;15;4;8;9;0.69318;0.25706;207.3;204.82;15;5;5;6;3;6;8;6;14;13;0.65553;0.27549;16;22;30;17;21;22;22;35;17;14;0.22827;0.25928;0.72723;146.9;31;37;16;36;77;21;19;47;0;0;1.4268;1.8362
FVC2000_Db1_42_6.bmp;39;16;3;6;4;6;3;1;7;1;20;0.52609;0.3193;11;11;0;1;210.11;0;18;12;6;7;7;2;5;3;7;0.66735;0.27162;232.75;231.86;9;9;15;6;5;5;4;4;11;13;0.6511;0.22581;11;16;14;18;17;28;12;17;22;16;0.27283;0.31741;0.71293;101.24;22;34;15;23;77;30;22;34;0;0;1.198;0.97437
FVC2000_Db1_48_3.bmp;16;11;8;6;4;6;0;4;8;1;28;0.58207;0.32702;6;6;0;0;184.24;0;26;7;7;10;4;7;10;3;2;0.66903;0.2561;213.46;211.68;25;6;6;5;9;5;6;2;12;5;0.54088;0.29648;23;23;16;8;12;14;15;23;27;33;0.35845;0.40282;0.73313;88.709;24;30;11;24;56;24;24;32;0;0;1.2421;0.9595
FVC2000_Db1_50_8.bmp;21;4;7;4;4;6;6;5;10;7;22;0.56931;0.2901;29;29;0;0;155.78;0;18;7;11;7;7;4;5;7;9;0.70374;0.2515;185.88;181.18;8;6;9;8;10;10;5;7;8;10;0.67338;0.20874;29;16;8;7;8;11;23;12;19;22;0.31071;0.39151;0.66323;147.24;17;21;9;47;54;16;16;17;0;0;1.1217;0.88483
FVC2000_Db1_58_6.bmp;71;12;8;5;7;4;7;8;8;5;17;0.49503;0.27531;25;25;0;0;196.84;0;15;10;6;10;4;8;14;5;9;0.71023;0.25896;207.93;205.88;4;5;5;3;1;12;8;11;19;13;0.75628;0.18344;24;24;34;17;23;16;17;15;13;11;0.18153;0.24727;0.7197;184.96;22;37;32;38;63;37;29;35;0;0;1.2668;1.1686
FVC2000_Db1_61_2.bmp;31;4;6;10;6;6;4;10;7;4;22;0.55073;0.28732;22;22;0;0;159.22;0;14;6;7;5;7;5;14;8;13;0.71789;0.26471;180.16;176.8;2;3;7;6;9;4;9;8;17;16;0.7615;0.16009;25;15;29;25;23;20;14;13;11;13;0.18467;0.25427;0.68451;178.66;15;23;17;19;73;32;17;22;0;0;1.2634;1.1235
FVC2000_Db1_64_7.bmp;35;8;3;8;4;10;6;1;6;2;33;0.61382;0.32761;12;12;0;1;191.6;0;31;6;10;6;6;8;3;6;5;0.57569;0.34639;212.54;209.64;15;3;3;8;9;6;4;9;12;12;0.671;0.24465;12;14;11;16;26;27;28;27;18;15;0.25553;0.27269;0.69613;137.14;21;35;23;28;77;39;34;40;0;0;1.2823;1.1175
FVC2000_Db1_67_3.bmp;45;9;13;7;7;6;5;6;7;6;15;0.47723;0.26311;35;35;0;0;180.83;0;9;10;6;9;13;17;9;6;2;0.75057;0.17859;194.76;192.42;0;0;4;4;8;17;13;13;17;5;0.77903;0.097945;43;23;15;31;22;22;8;3;7;10;0.13348;0.21376;0.7016;137.51;12;37;14;39;79;43;32;21;0;0;1.1168;0.60845
FVC2000_Db1_69_5.bmp;57;5;9;11;10;11;3;8;12;6;6;0.42237;0.1823;47;47;0;0;186.23;0;6;4;9;10;9;15;11;8;9;0.7808;0.16107;197.64;195.53;1;2;2;4;6;13;9;8;15;21;0.80131;0.12432;28;27;17;25;34;19;6;16;14;14;0.1896;0.2632;0.71496;179.45;14;33;16;29;103;42;22;27;0;0;1.1563;0.75761
FVC2000_Db1_69_6.bmp;76;11;3;8;7;9;7;10;13;9;4;0.41815;0.15972;34;34;0;0;196.39;0;6;3;9;8;11;14;8;10;12;0.77639;0.18442;202.69;200.44;0;5;1;5;7;11;8;8;18;18;0.7902;0.13167;20;24;32;35;32;17;12;13;14;13;0.17773;0.24682;0.67359;212.86;8;26;17;45;93;53;37;17;0;0;1.1249;0.48343
FVC2000_Db1_69_8.bmp;68;11;10;4;9;15;6;7;4;8;7;0.4184;0.19732;39;39;0;0;199.99;0;15;4;10;11;6;6;8;11;10;0.71938;0.24685;206.81;204.55;2;4;7;3;8;12;11;7;11;16;0.75595;0.15807;20;25;27;30;25;24;20;13;14;18;0.20034;0.26821;0.65184;204.03;17;37;20;39;85;45;24;25;0;0;1.2053;1.0084
FVC2000_Db1_70_6.bmp;34;10;5;5;8;4;6;2;6;3;32;0.6044;0.32759;55;55;0;0;159.88;0;20;12;14;11;9;8;4;2;1;0.70989;0.19157;188.16;182.95;3;8;12;12;5;11;8;9;9;4;0.6784;0.17133;30;31;25;35;25;14;8;20;6;5;0.12759;0.18484;0.59959;133.11;19;44;16;31;55;33;28;37;0;0;1.3052;1.1066
FVC2000_Db1_75_2.bmp;30;11;8;3;7;3;4;2;2;6;35;0.62652;0.33706;13;13;0;1;195.28;0;37;7;9;5;5;5;3;3;7;0.55231;0.34543;214.74;212.49;11;9;9;10;5;8;6;5;9;9;0.63526;0.23117;22;22;22;19;19;28;17;20;16;6;0.17781;0.21085;0.60231;126.48;25;39;14;18;69;37;18;39;0;0;1.4094;1.5876
FVC2000_Db1_75_4.bmp;23;12;4;5;3;8;2;2;3;7;35;0.63297;0.33172;14;14;0;0;193.73;0;32;10;7;6;7;5;3;4;7;0.59743;0.32669;213.04;210.53;8;7;9;10;9;4;9;6;9;10;0.67031;0.20346;30;25;21;24;15;18;11;16;7;6;0.14754;0.23022;0.64913;130.48;25;40;16;29;84;27;27;36;0;0;1.2751;1.309
FVC2000_Db1_75_7.bmp;46;8;9;3;7;2;10;3;6;2;31;0.59761;0.32559;28;28;0;1;199.22;0;37;8;5;8;11;5;5;2;0;0.60338;0.29515;216.75;214.92;13;4;7;10;9;9;9;12;6;2;0.62692;0.23111;15;9;17;16;28;23;14;27;11;13;0.22669;0.26166;0.61431;121.63;34;32;24;23;64;33;20;42;0;0;1.3418;1.5681
FVC2000_Db1_76_2.bmp;17;14;5;6;6;4;2;5;1;1;31;0.59761;0.3432;3;3;0;0;187.36;0;31;9;11;5;7;6;3;1;2;0.59501;0.30497;212.6;209.28;17;7;6;13;5;6;11;2;10;4;0.58817;0.25845;4;18;13;10;15;16;17;26;22;21;0.32941;0.36344;0.58874;115.98;20;36;22;19;82;47;8;32;0;0;1.3416;1.5893
FVC2000_Db1_76_4.bmp;20;14;5;4;6;5;6;4;4;0;22;0.53668;0.32114;10;10;0;0;182.75;0;16;11;7;7;12;10;3;1;3;0.68092;0.25211;207.48;203.92;11;5;5;9;10;5;6;8;9;13;0.66507;0.24721;14;16;8;10;16;21;16;15;11;18;0.26474;0.31335;0.67238;147.92;20;39;25;23;62;26;16;31;0;0;1.1917;1.0566
FVC2000_Db1_76_7.bmp;7;10;4;4;4;6;4;3;4;3;35;0.64409;0.33212;13;13;0;0;180.53;0;34;6;5;8;9;3;4;5;3;0.6253;0.28993;204.57;201.51;18;7;8;7;10;1;3;8;11;8;0.59792;0.26273;13;11;7;7;13;22;25;48;21;25;0.34032;0.32095;0.64237;123.33;36;33;22;22;61;23;12;37;0;0;1.2621;1.3333
FVC2000_Db1_78_2.bmp;38;11;2;4;6;4;4;5;4;0;39;0.66378;0.33697;34;34;0;1;164.94;0;19;9;12;9;8;11;3;7;1;0.67782;0.26351;189.99;187.8;3;7;8;11;11;6;7;11;14;3;0.69254;0.16532;17;21;15;23;23;20;14;13;15;12;0.21338;0.27055;0.58951;136.77;23;32;9;33;44;30;17;31;0;0;1.2365;1.2207
FVC2000_Db1_78_3.bmp;22;6;8;3;4;8;3;4;4;3;34;0.63899;0.32772;15;15;0;0;151.59;0;18;15;6;4;8;10;9;4;3;0.71746;0.20175;179.32;176.33;4;9;11;12;10;6;9;4;9;7;0.66643;0.18737;9;10;16;23;33;20;29;15;13;7;0.19288;0.21588;0.57025;132.3;23;25;4;31;40;23;17;27;0;0;1.2506;1.1358
FVC2000_Db1_78_4.bmp;25;7;6;3;5;6;5;4;4;4;33;0.63463;0.3235;68;68;0;0;153.6;0;16;11;11;11;11;8;3;5;1;0.69905;0.22816;177.44;174.26;3;6;6;9;8;9;13;10;13;4;0.71695;0.15538;16;22;25;32;25;30;8;21;12;8;0.17543;0.22828;0.59321;152.46;17;38;12;23;43;31;22;19;0;0;1.1723;0.97177
FVC2000_Db1_79_8.bmp;40;7;17;10;8;6;3;1;5;0;21;0.50435;0.30668;43;43;0;0;162.35;0;18;12;16;11;7;3;10;1;0;0.69342;0.22381;185.61;180.11;0;3;8;7;13;10;9;13;14;4;0.74283;0.12626;52;26;27;29;14;12;12;7;7;3;0.10025;0.16217;0.64706;167.59;22;22;22;31;66;47;20;43;0;0;1.3631;1.3356
FVC2000_Db1_84_3.bmp;7;2;1;3;7;9;8;5;8;0;36;0.66252;0.31245;8;8;0;0;146.77;0;15;15;13;7;10;5;7;4;3;0.69263;0.23951;164.02;160.19;9;12;10;14;7;6;5;4;6;8;0.62224;0.20129;21;18;10;13;21;27;32;39;11;3;0.18893;0.18738;0.51804;153.34;18;20;7;20;47;26;25;36;0;0;1.413;1.3522
FVC2000_Db1_84_4.bmp;14;3;6;3;6;7;10;4;9;1;32;0.6189;0.31333;8;8;0;0;148.07;0;14;12;11;11;11;6;10;4;2;0.69497;0.25065;161.39;157.83;6;13;15;14;4;5;7;6;1;10;0.62296;0.19479;12;20;21;16;20;26;34;29;14;5;0.19558;0.20311;0.50589;158.85;22;25;11;24;59;22;21;30;0;0;1.3314;1.2339
FVC2000_Db1_85_7.bmp;21;14;5;2;6;6;5;6;5;5;27;0.56785;0.31768;20;20;0;0;198.13;0;28;11;9;10;9;6;5;1;2;0.61624;0.29987;219.22;217.13;15;8;6;5;8;8;8;9;8;6;0.62628;0.24303;17;21;9;15;12;28;18;29;23;30;0.34448;0.39239;0.70208;113.03;22;28;22;31;82;44;27;38;0;0;1.3116;1.1722
FVC2000_Db1_86_8.bmp;27;13;6;1;5;5;2;2;2;0;41;0.67294;0.35386;4;4;0;1;174.01;0;31;13;5;10;8;7;2;0;1;0.61674;0.2845;201.59;198.32;18;12;3;3;7;7;6;8;12;5;0.59485;0.26771;30;9;16;15;16;26;10;23;8;10;0.2031;0.26894;0.643;119.6;39;36;23;16;51;37;20;50;0;0;1.4503;1.6898
FVC2000_Db1_87_5.bmp;9;11;3;4;6;8;2;0;2;0;45;0.69674;0.34209;7;7;0;0;166.37;0;39;13;8;11;4;5;0;1;0;0.57556;0.30143;197.47;194.37;13;10;13;11;12;3;10;4;4;1;0.57787;0.20768;27;13;10;21;27;26;24;19;10;6;0.17887;0.2385;0.55574;90.029;31;35;14;14;44;26;26;59;0;0;1.6802;2.0272
FVC2000_Db1_87_6.bmp;22;3;8;6;5;4;2;4;1;0;48;0.72786;0.33032;9;9;0;1;162.7;0;38;17;14;8;1;2;0;0;1;0.57298;0.29872;198.63;195.14;9;10;17;19;10;6;4;2;3;1;0.57164;0.17337;18;13;16;13;18;24;21;20;16;8;0.22501;0.29318;0.51511;81.903;40;27;11;7;41;24;23;36;0;0;1.3937;1.7284
FVC2000_Db1_87_7.bmp;8;13;5;6;7;6;2;5;2;0;35;0.61051;0.34472;8;8;0;0;170.53;0;35;19;11;8;6;1;0;0;1;0.63025;0.24381;202.75;200.07;14;12;9;13;7;11;6;5;4;0;0.5735;0.20599;18;16;18;18;21;29;17;14;11;6;0.17834;0.2359;0.57175;82.903;32;38;16;18;42;26;18;48;0;0;1.3419;1.2445
FVC2000_Db1_89_2.bmp;14;8;6;5;3;4;3;3;3;0;39;0.6825;0.339;7;7;0;0;170.88;0;22;14;17;2;9;9;0;0;1;0.64845;0.26136;196.65;193.41;4;5;6;14;13;15;14;6;4;0;0.66777;0.15775;31;27;25;16;18;26;21;15;6;7;0.14971;0.21892;0.6137;111.69;26;45;22;17;47;14;25;42;0;0;1.2633;1.0695
FVC2000_Db1_89_3.bmp;36;15;1;3;5;1;3;2;1;0;47;0.71796;0.35154;8;8;0;1;185.92;0;26;13;14;8;7;7;2;0;1;0.61477;0.29237;210.65;208.02;2;3;17;12;9;12;10;11;4;1;0.67777;0.14242;14;19;19;31;37;35;5;17;11;11;0.17922;0.23829;0.61883;107.68;32;39;20;25;59;26;26;48;0;0;1.2645;1.1083
FVC2000_Db1_89_4.bmp;7;5;3;2;8;4;5;2;0;1;45;0.73564;0.32751;1;1;0;0;175.74;0;35;16;12;4;2;3;3;0;0;0.62641;0.25095;202.76;200.04;11;10;11;15;18;7;2;6;1;0;0.57812;0.19088;10;29;17;20;23;27;23;34;9;3;0.17271;0.17602;0.52556;87.243;29;36;16;17;34;28;21;40;0;0;1.2763;1.0265
FVC2000_Db1_9_5.bmp;72;8;3;2;5;8;6;12;19;13;5;0.45229;0.17087;30;30;0;0;186.48;0;4;3;6;4;4;7;9;14;30;0.8213;0.14314;197.49;196.62;1;2;2;2;9;6;4;13;23;19;0.81121;0.12511;16;34;30;28;37;29;15;7;12;10;0.15538;0.21722;0.7765;187.91;7;23;8;38;84;26;14;11;0;0;1.089;0.57958
FVC2000_Db1_90_5.bmp;5;9;4;2;3;7;6;3;3;0;44;0.6948;0.33764;8;8;0;0;203.63;0;40;19;9;4;7;0;1;1;0;0.59309;0.27594;205.58;203.85;20;13;18;12;8;4;4;1;1;0;0.49085;0.20134;11;16;19;16;22;28;37;34;19;16;0.2528;0.26164;0.34584;124.85;23;43;10;9;37;16;16;36;0;0;1.3736;1.7204
FVC2000_Db1_90_6.bmp;8;9;6;6;4;2;2;2;3;0;47;0.71449;0.33938;4;4;0;0;186.74;0;38;22;14;4;0;0;1;1;1;0.62451;0.24004;201.85;200.12;23;13;12;11;8;7;6;1;0;0;0.49172;0.20694;13;23;18;16;12;32;30;37;19;16;0.254;0.2779;0.46208;79.478;29;31;11;15;29;11;17;33;0;0;1.4379;1.7072
FVC2000_Db1_90_7.bmp;5;14;7;5;5;4;2;2;1;0;41;0.6524;0.35612;16;16;0;0;194.47;0;42;21;8;6;2;1;1;0;0;0.59692;0.26546;210.4;208.71;14;19;12;9;12;8;3;1;2;1;0.52793;0.19443;5;11;15;18;27;24;22;25;10;12;0.23851;0.27937;0.42962;87.642;29;33;10;9;54;27;17;42;0;0;1.4103;1.3336
FVC2000_Db1_90_8.bmp;9;11;6;1;7;3;1;5;1;0;46;0.70035;0.34778;15;15;0;0;192.38;0;32;27;10;8;1;2;0;0;1;0.63737;0.23084;209.4;207.29;16;13;18;12;6;5;6;2;3;0;0.52981;0.19427;10;11;15;28;26;41;28;29;10;10;0.20844;0.23739;0.47636;83.839;28;32;23;5;56;24;26;46;0;0;1.5832;1.8838
FVC2000_Db1_91_1.bmp;14;22;2;3;7;6;6;4;3;0;28;0.54761;0.33695;5;5;0;0;179.1;0;36;17;10;4;6;4;1;2;1;0.63105;0.25736;196.84;194.98;16;9;6;11;9;7;6;9;6;2;0.58918;0.23155;34;21;19;18;17;19;15;21;7;3;0.14262;0.18419;0.61187;106.46;38;34;33;17;62;37;24;48;0;0;1.3216;1.286
FVC2000_Db1_91_2.bmp;12;13;9;5;5;4;5;4;6;0;30;0.57328;0.33509;4;4;0;0;171.41;0;25;20;12;8;7;5;0;2;2;0.66165;0.2405;198.03;195.83;19;15;5;6;11;6;10;4;5;0;0.54366;0.23648;31;8;10;18;7;7;19;31;20;19;0.29517;0.33236;0.62472;91.208;26;31;10;20;57;30;24;34;0;0;1.312;1.2095
FVC2000_Db1_91_5.bmp;20;8;9;4;8;3;5;5;3;3;33;0.61015;0.33179;12;12;0;1;168.15;0;27;11;10;8;8;6;8;1;2;0.67644;0.23391;194.69;192.38;20;10;4;9;6;8;5;8;10;1;0.57667;0.24602;23;9;5;10;4;19;22;34;19;15;0.302;0.31742;0.63951;113.83;30;32;23;20;68;39;13;36;0;0;1.4162;1.7208
FVC2000_Db1_91_7.bmp;8;22;8;6;3;5;4;5;4;1;23;0.50398;0.32199;13;13;0;0;173.36;0;32;20;20;3;3;2;0;1;0;0.60296;0.27902;190.33;188.95;10;13;15;12;11;5;8;4;1;2;0.57881;0.18272;16;17;34;23;35;26;15;22;13;12;0.19654;0.26217;0.48312;88.894;23;37;19;25;57;23;26;44;0;0;1.3345;1.2564
FVC2000_Db1_92_6.bmp;22;15;7;8;3;3;6;6;2;1;30;0.56926;0.3378;0;0;-1;-1;202.76;0;34;16;12;8;2;5;4;0;0;0.61504;0.27478;209.58;208.75;9;9;20;16;13;8;4;1;1;0;0.56621;0.16256;8;16;17;29;46;50;21;16;10;10;0.17747;0.20055;0.45234;96.8;31;27;11;29;59;28;20;40;0;0;1.2948;1.0943
FVC2000_Db1_92_7.bmp;11;18;6;3;5;5;3;1;3;0;37;0.61597;0.35797;1;1;0;0;202.1;0;38;15;16;5;2;3;2;0;0;0.62051;0.25145;209.06;208.41;8;14;19;12;14;8;4;2;0;0;0.56112;0.15939;26;16;15;21;35;39;22;24;9;8;0.17748;0.21528;0.44381;94.531;24;39;10;14;36;22;20;32;0;0;1.241;1.0198
FVC2000_Db1_92_8.bmp;20;12;4;6;6;3;8;8;1;1;32;0.59527;0.33392;0;0;-1;-1;206.8;0;37;13;13;7;6;4;1;0;0;0.60084;0.27981;212.93;212.2;12;19;17;17;6;8;1;0;1;0;0.51219;0.1671;13;16;31;27;26;28;32;35;9;5;0.17852;0.19461;0.37068;87.11;33;24;12;23;36;14;18;34;0;0;1.2426;1.1667
FVC2000_Db1_93_2.bmp;7;11;9;3;4;5;6;1;1;2;33;0.61391;0.3495;8;8;0;0;160.22;0;25;17;13;9;0;5;2;3;1;0.63074;0.26898;190.29;187.27;24;11;4;10;5;8;8;3;8;0;0.53437;0.24865;19;7;6;5;10;7;9;22;10;9;0.26576;0.3059;0.56509;107.93;30;32;19;19;56;19;18;47;0;0;1.2687;1.0057
FVC2000_Db1_93_3.bmp;14;11;12;2;2;3;2;1;1;0;44;0.69083;0.35502;5;5;0;0;137.14;0;31;16;11;8;4;3;3;0;2;0.62458;0.27143;175.65;172.12;13;15;8;11;13;3;7;9;2;0;0.57192;0.19982;26;24;19;14;11;18;22;15;5;3;0.13595;0.16171;0.54923;101.06;38;29;14;18;48;19;15;41;0;0;1.4401;1.7536
FVC2000_Db1_93_5.bmp;18;20;5;5;0;3;1;5;2;0;40;0.63265;0.36989;17;17;0;0;170.69;0;43;19;5;5;5;2;2;0;0;0.55933;0.3028;194.32;193.06;11;10;13;12;8;15;7;4;0;1;0.57831;0.20755;24;25;22;17;27;30;27;17;10;16;0.19045;0.24213;0.55116;81.021;26;34;9;26;49;33;21;52;0;0;1.3876;1.2049
FVC2000_Db1_93_6.bmp;13;12;12;4;5;5;3;2;0;0;38;0.62723;0.35408;6;6;0;0;167.54;0;38;20;8;7;5;1;2;0;0;0.5539;0.31103;191.04;189.75;10;13;14;7;13;11;6;4;3;0;0.57344;0.20679;30;22;22;20;20;22;15;18;9;4;0.14799;0.1929;0.56764;80.037;34;48;15;23;49;23;18;65;0;0;1.4417;1.4226
FVC2000_Db1_94_1.bmp;32;16;6;4;4;6;3;0;1;1;36;0.6278;0.35353;28;28;0;1;186.98;0;36;14;9;7;4;5;2;0;0;0.52035;0.34227;211.16;208.54;12;16;4;5;8;10;9;11;5;1;0.60268;0.22619;15;27;17;19;33;17;16;20;11;7;0.17878;0.22602;0.57199;116.11;43;50;21;10;61;31;16;44;0;0;1.3565;1.7601
FVC2000_Db1_94_5.bmp;9;14;5;6;1;4;3;1;0;0;44;0.69033;0.35556;32;32;0;0;187.95;0;42;13;6;3;7;2;2;1;2;0.55402;0.31945;210.64;208.15;16;6;12;9;8;5;6;7;12;0;0.59008;0.23992;26;19;8;18;21;11;16;14;3;8;0.16721;0.23768;0.58401;112.13;39;43;25;8;70;23;15;63;0;0;1.4577;1.6925
FVC2000_Db1_94_6.bmp;13;12;7;1;4;3;3;3;2;3;36;0.65185;0.34631;37;37;0;0;189.11;0;37;11;9;3;5;2;5;0;2;0.55892;0.32214;209.94;207.28;12;11;8;8;9;5;12;6;6;4;0.60318;0.23977;22;13;20;11;13;13;17;10;9;9;0.18522;0.24147;0.58767;121.06;32;28;38;4;83;26;20;52;0;0;1.3462;1.2626
FVC2000_Db1_94_7.bmp;12;11;9;2;5;2;1;1;3;1;44;0.69504;0.34637;21;21;0;0;189.58;0;46;6;6;4;8;3;3;0;3;0.49588;0.35285;210.81;208.17;20;5;8;7;12;7;5;10;5;2;0.5832;0.23073;34;28;18;13;15;18;17;15;7;6;0.14925;0.22259;0.57371;113.02;40;48;34;8;57;31;20;63;0;0;1.445;1.6059
FVC2000_Db1_95_1.bmp;13;6;9;1;4;2;6;3;1;4;38;0.68489;0.33026;47;47;0;0;165.82;0;22;16;8;4;9;7;6;0;2;0.65444;0.26469;176.8;172.03;7;8;9;15;11;14;5;7;3;2;0.63318;0.17565;33;23;21;12;20;21;20;26;11;7;0.1754;0.23722;0.51272;162.53;21;23;25;12;44;19;20;38;0;0;1.3502;1.1711
FVC2000_Db1_95_8.bmp;11;9;4;5;3;2;3;2;0;0;53;0.76053;0.33161;21;21;0;0;162.8;0;37;21;15;2;3;2;0;1;0;0.62391;0.23965;195.29;192.53;7;20;8;10;14;11;5;5;1;0;0.58187;0.17131;24;22;16;19;20;46;21;15;11;4;0.15803;0.18772;0.54861;77.903;36;38;10;12;41;19;16;41;0;0;1.4201;1.5374
FVC2000_Db1_96_8.bmp;30;15;6;7;3;3;3;1;4;0;39;0.64153;0.34968;10;10;0;1;194.61;0;40;6;8;9;9;5;3;1;0;0.53977;0.33438;210.08;208;17;10;6;11;14;7;9;4;3;0;0.55908;0.22467;15;21;15;18;19;16;31;35;15;15;0.24574;0.27644;0.53847;118.46;43;33;17;15;45;33;22;48;0;0;1.2984;1.1785
FVC2000_Db1_97_4.bmp;10;19;4;7;4;2;4;2;3;1;29;0.57065;0.34939;20;20;0;0;181.54;0;27;13;11;6;7;5;5;0;1;0.602;0.30535;208.14;205.15;14;13;7;7;9;10;5;11;4;1;0.59059;0.21494;18;16;10;15;18;22;16;16;10;2;0.16717;0.18987;0.57991;111.92;39;41;14;7;86;23;20;48;0;0;1.5538;2.1081
FVC2000_Db1_97_5.bmp;24;15;11;4;3;2;6;0;1;2;37;0.61565;0.35955;27;27;0;1;202.19;0;44;16;5;3;4;8;1;0;0;0.55038;0.30998;218.31;216.61;11;15;11;11;11;8;7;6;1;0;0.56766;0.19719;16;18;15;16;25;33;27;22;11;12;0.20366;0.22933;0.52296;101.98;44;42;15;15;56;21;17;63;0;0;1.4189;1.4816
FVC2000_Db1_97_7.bmp;3;12;10;2;2;4;4;3;0;1;43;0.67563;0.34884;0;0;-1;-1;203.49;0;59;5;4;4;1;7;0;1;0;0.47077;0.33785;220.09;218.48;17;14;19;12;11;2;3;1;2;0;0.49986;0.19227;8;15;22;19;31;30;25;25;15;12;0.21504;0.2406;0.4218;76.346;69;47;8;13;61;24;21;64;0;0;1.2945;1.2776
FVC2000_Db1_97_8.bmp;14;11;4;3;5;1;3;1;3;2;48;0.71958;0.34441;3;3;0;1;206.86;0;54;11;11;2;0;1;2;0;0;0.51095;0.31598;223.78;222.2;19;15;15;10;9;4;5;1;1;2;0.50778;0.20894;9;12;28;25;24;21;28;24;19;10;0.21459;0.22381;0.44817;81.568;42;43;16;6;67;21;22;59;0;0;1.4186;1.478
FVC2000_Db1_98_2.bmp;11;21;3;6;6;3;4;7;1;0;30;0.55759;0.34721;0;0;-1;-1;220.44;0;44;13;5;8;6;3;1;1;0;0.63421;0.23192;226.67;226.33;18;17;21;12;6;5;2;0;0;0;0.49441;0.16428;9;3;10;19;34;34;44;42;15;14;0.25862;0.2658;0.40341;54.057;31;33;11;29;43;18;20;47;0;0;1.3421;1.3219
FVC2000_Db1_99_5.bmp;4;6;7;0;3;3;5;0;0;0;44;0.7583;0.32921;1;1;0;0;163.46;0;30;7;11;9;3;5;2;0;1;0.6059;0.28692;194.16;190.32;7;20;10;10;9;8;8;4;4;1;0.58663;0.1903;12;17;13;14;23;22;14;12;14;9;0.21356;0.26682;0.48435;96.87;40;16;13;7;35;14;15;45;0;0;1.384;1.3001
FVC2000_Db3_100_2.bmp;25;34;14;15;6;8;11;13;11;6;64;0.56847;0.32776;87;87;1;0;120.26;0;96;13;18;19;14;12;4;2;4;0.46191;0.37288;154.45;154.63;72;21;26;23;15;17;13;6;3;0;0.46567;0.23427;31;33;33;27;34;35;46;72;93;206;0.53997;0.45409;0.50145;204.59;149;133;35;44;324;60;53;201;0;0;1.31;1.3462
FVC2000_Db3_102_3.bmp;1;25;17;16;18;12;10;11;7;0;45;0.51512;0.30818;235;235;0;0;126.39;0;59;33;26;12;13;7;7;3;1;0.62964;0.26935;164.54;164.66;49;36;41;28;13;7;7;2;10;3;0.50011;0.20245;12;21;17;36;34;41;75;97;77;104;0.43807;0.4092;0.38675;206.14;74;78;24;29;83;42;46;90;0;0;1.2862;1.1817
FVC2000_Db3_102_4.bmp;8;21;24;18;21;15;11;7;3;0;44;0.50377;0.30547;182;182;0;0;96.694;0;60;32;28;9;10;7;11;6;1;0.64535;0.255;147.11;147.31;45;41;27;27;20;8;9;7;10;2;0.51453;0.21311;28;29;23;31;36;54;62;126;77;68;0.36242;0.35123;0.42012;220.56;70;80;22;33;72;41;49;88;0;0;1.308;1.1994
FVC2000_Db3_104_1.bmp;19;15;13;11;17;13;12;6;19;7;33;0.5092;0.2762;157;157;1;0;186.77;0;53;24;21;14;13;10;3;4;4;0.65683;0.24667;208.76;208.75;44;49;36;30;18;2;2;1;5;7;0.48649;0.19761;13;20;18;17;22;24;43;89;94;97;0.49887;0.4206;0.36933;177.65;61;57;17;29;85;27;30;70;0;0;1.3329;1.4026
FVC2000_Db3_105_2.bmp;21;28;20;18;18;16;14;22;4;1;38;0.47471;0.28055;145;145;0;0;179.26;0;80;36;33;15;10;2;2;1;0;0.60264;0.275;198.97;199.17;84;58;33;16;3;2;0;0;0;0;0.37131;0.15642;6;8;12;15;27;58;83;163;105;133;0.48933;0.38903;0.2734;108.27;111;79;24;51;171;35;46;121;0;0;1.3638;1.397
FVC2000_Db3_108_3.bmp;59;4;10;13;16;20;12;22;27;14;17;0.46326;0.20226;108;108;0;0;150.28;0;14;8;18;13;21;15;21;23;22;0.76659;0.19841;171.1;171.2;11;10;18;17;26;24;27;37;14;11;0.7007;0.18121;46;44;41;55;60;70;53;39;27;27;0.20876;0.30176;0.59601;399.33;20;56;26;57;110;49;34;31;0;0;1.1434;0.76568
FVC2000_Db3_108_4.bmp;61;2;7;10;16;22;21;23;30;14;16;0.46227;0.19049;103;103;0;0;154.88;0;14;12;13;10;17;26;22;23;24;0.76339;0.21369;170.93;171;7;12;15;18;29;32;23;25;23;11;0.71475;0.15909;55;48;40;41;67;72;53;31;22;18;0.17614;0.25631;0.60339;425.99;18;62;22;54;141;54;46;31;0;0;1.1154;0.60646
FVC2000_Db3_108_6.bmp;59;6;13;11;18;22;25;24;20;18;22;0.47302;0.21312;94;94;0;0;143.92;0;24;17;19;22;21;25;23;16;12;0.7263;0.23368;155.97;156.11;14;17;25;37;44;22;18;10;7;2;0.63043;0.16431;41;48;49;60;66;73;76;45;28;33;0.21418;0.29598;0.50843;364.03;33;54;28;71;142;64;39;34;0;0;1.1393;0.89606
FVC2000_Db3_109_1.bmp;13;46;7;10;6;2;8;5;5;2;91;0.64611;0.35977;60;60;0;0;167.14;0;119;13;10;4;8;6;3;6;13;0.37622;0.38218;167.11;167.2;79;37;16;11;8;4;8;8;11;14;0.47433;0.25032;16;18;15;28;29;23;42;84;148;211;0.62349;0.46792;0.36065;301.86;173;182;24;19;293;54;57;266;0;0;1.4752;1.6582
FVC2000_Db3_15_4.bmp;13;28;13;9;18;15;9;13;19;5;53;0.53871;0.3068;62;62;0;0;183.69;0;92;15;18;17;15;5;12;7;1;0.52894;0.34451;196.93;197.17;63;52;44;25;8;3;1;0;0;0;0.42888;0.15195;12;9;14;16;22;24;53;72;111;268;0.6995;0.46254;0.33736;180.49;132;109;26;35;231;20;41;147;0;0;1.3814;1.6317
FVC2000_Db3_18_3.bmp;2;31;17;21;18;12;15;9;4;1;54;0.52274;0.31556;224;224;0;0;190.82;0;122;24;11;10;4;4;3;2;2;0.48582;0.33256;207.21;207.42;90;64;23;11;6;1;1;0;0;0;0.36018;0.1511;10;5;7;8;9;13;44;100;199;227;0.69001;0.41793;0.29433;110.96;128;96;28;28;198;31;47;190;0;0;1.4876;1.641
FVC2000_Db3_19_4.bmp;3;34;23;15;12;14;8;8;2;2;64;0.55461;0.33272;203;203;1;0;181.95;0;118;26;14;9;9;4;2;0;0;0.49639;0.32644;192.3;192.48;81;52;29;22;9;3;0;0;0;0;0.392;0.16715;6;9;18;26;31;31;44;109;153;189;0.58075;0.41198;0.31508;160.37;108;105;22;33;192;44;57;208;0;0;1.5576;1.6587
FVC2000_Db3_24_4.bmp;68;3;4;6;9;14;9;23;24;22;7;0.45802;0.15546;66;66;0;0;163.87;0;7;6;14;9;12;18;16;12;27;0.79379;0.15717;197.69;197.72;28;11;16;15;28;19;20;16;13;20;0.64196;0.24758;29;32;29;45;49;43;34;30;23;27;0.22853;0.31437;0.56431;290.62;5;37;14;66;98;34;24;14;0;0;1.1187;0.91916
FVC2000_Db3_25_3.bmp;67;2;6;12;19;18;18;16;25;29;12;0.4641;0.17551;65;65;0;0;141.88;0;15;5;6;8;19;25;20;23;36;0.7792;0.20974;162.71;162.85;8;14;15;13;21;30;27;25;14;25;0.71789;0.1786;47;48;74;48;52;34;40;29;23;30;0.2061;0.33077;0.62739;429.13;11;53;22;64;111;55;51;26;0;0;1.1465;0.67602
FVC2000_Db3_26_2.bmp;56;4;7;9;14;14;8;14;23;18;20;0.49657;0.22753;83;83;0;0;158.29;0;16;4;4;11;15;17;20;19;25;0.76741;0.21676;184.83;184.81;22;20;16;22;19;28;17;15;12;21;0.64779;0.22793;30;40;47;40;39;46;49;19;17;32;0.22035;0.32613;0.53958;317.28;17;55;23;41;87;24;32;20;0;0;1.0998;0.83979
FVC2000_Db3_29_8.bmp;0;37;27;19;6;9;7;8;2;0;67;0.55713;0.34234;255;255;0;0;132.59;0;123;31;12;5;4;6;0;1;0;0.50614;0.31549;146.77;146.85;102;43;35;13;3;0;0;0;0;0;0.34823;0.1636;5;11;5;13;22;59;83;133;138;153;0.52475;0.38351;0.27518;142.55;142;154;41;23;164;43;68;199;0;0;1.3558;1.3038
FVC2000_Db3_30_5.bmp;0;43;31;9;14;8;6;4;3;1;63;0.53836;0.34076;247;247;0;0;129.92;0;122;32;18;7;1;2;0;0;0;0.46134;0.33048;145.89;146.04;77;55;41;15;8;0;0;0;0;0;0.38267;0.15685;14;10;20;23;34;54;68;131;114;151;0.50135;0.40551;0.30356;152.99;177;136;24;27;211;51;54;234;0;0;1.3959;1.3802
FVC2002_Db1_105_2.bmp;64;2;3;6;9;6;13;14;11;7;2;0.41805;0.12032;45;45;0;0;204.37;0;5;4;9;8;9;13;10;10;5;0.75597;0.20953;221.93;219.97;3;2;5;9;9;15;16;8;19;5;0.73571;0.15795;26;19;20;13;29;20;12;9;5;9;0.1528;0.22544;0.63382;216.13;9;37;34;32;76;70;42;6;0;0;1.09;0.60276
FVC2002_Db1_106_5.bmp;62;2;4;18;10;13;8;10;8;3;5;0.41014;0.16275;47;47;0;0;147.05;0;8;3;4;6;7;9;9;9;26;0.7735;0.22491;181.45;177.99;2;1;0;3;3;5;8;13;26;36;0.84179;0.12526;35;49;39;23;21;9;6;6;12;8;0.12999;0.23147;0.75273;275.5;17;46;24;33;64;58;35;33;0;0;1.2051;0.95216
FVC2002_Db1_110_7.bmp;74;1;5;2;12;9;6;13;13;17;1;0.43818;0.11451;43;43;0;0;184.12;0;3;3;5;8;10;11;14;12;13;0.81261;0.10557;204.65;202.51;3;6;8;16;8;10;18;19;7;3;0.69828;0.16772;29;23;29;28;17;17;15;25;20;20;0.25766;0.37516;0.57409;220.45;9;28;17;54;96;48;28;6;0;0;1.0349;0.3688
FVC2002_Db1_14_6.bmp;68;1;8;9;9;11;9;5;9;11;3;0.42129;0.1464;43;43;0;0;139.95;0;2;1;6;4;7;6;12;12;25;0.83177;0.11047;183.31;180.28;4;3;4;4;1;5;13;6;21;39;0.80943;0.17987;31;29;30;25;24;17;8;17;15;13;0.18192;0.26792;0.79165;261.25;10;48;7;32;70;32;32;12;0;0;1.0409;0.45623
FVC2002_Db1_29_2.bmp;71;0;9;6;4;11;12;12;10;4;2;0.40791;0.12201;40;40;0;0;196.26;0;14;3;5;5;11;8;8;8;8;0.6772;0.31173;221.24;219.83;3;2;3;8;6;9;13;20;14;8;0.757;0.16481;27;21;31;34;27;13;9;13;6;12;0.15683;0.25277;0.68686;195.07;9;37;28;33;76;61;18;23;0;0;1.1422;0.67679
FVC2002_Db1_49_6.bmp;70;3;4;4;10;11;8;8;13;6;3;0.42052;0.1462;50;50;0;0;189.8;0;7;5;7;8;9;11;8;10;5;0.74995;0.21363;214.45;213.76;2;6;7;13;15;8;15;9;9;3;0.69926;0.1521;26;23;22;25;23;20;12;12;16;11;0.18448;0.24932;0.56733;177.01;9;40;28;32;72;28;24;19;0;0;1.0879;0.64427
FVC2002_Db1_51_4.bmp;76;5;7;2;8;11;5;8;10;2;2;0.39774;0.13441;73;73;0;1;193.68;0;10;3;6;5;10;10;7;2;7;0.70078;0.2797;218.21;216.56;5;6;6;5;8;10;6;12;11;11;0.72002;0.18692;20;16;19;13;17;16;13;16;9;21;0.27658;0.37071;0.61434;179.39;9;33;36;21;79;36;16;12;0;0;1.0585;0.64533
FVC2002_Db1_51_5.bmp;63;3;7;3;12;13;10;14;9;4;3;0.40984;0.13823;62;62;0;0;152.12;0;9;6;5;7;4;13;8;8;18;0.76087;0.22851;186.89;183.61;0;1;1;4;4;13;9;7;18;37;0.83787;0.11331;17;30;38;28;26;22;12;16;16;13;0.18264;0.25432;0.73187;264.94;9;46;25;23;98;58;38;30;0;0;1.1867;0.70745
FVC2002_Db1_55_6.bmp;58;3;8;7;5;7;8;8;9;6;4;0.42325;0.16839;44;44;0;0;145.32;0;9;1;0;3;6;10;10;12;14;0.75803;0.24798;186.56;179.95;2;3;6;4;6;2;7;6;16;33;0.80325;0.18633;14;23;19;14;20;10;20;10;21;14;0.26218;0.34674;0.72306;225.59;11;32;23;23;72;42;28;23;0;0;1.1461;0.6311
FVC2002_Db1_89_1.bmp;77;0;9;4;9;9;13;11;8;17;2;0.43201;0.12875;47;47;0;0;187.89;0;8;3;5;13;11;9;13;7;13;0.77516;0.18425;209.58;206.52;1;2;6;9;10;10;15;16;25;2;0.7591;0.12564;34;25;28;30;22;20;5;8;13;12;0.16516;0.25704;0.63576;230.78;9;26;28;49;131;63;20;13;0;0;1.0486;0.38194
